timestamp,kpi,anomaly_true
2024-01-01 00:00:00,0.49956532403803494,0
2024-01-01 00:01:00,0.7290299721611829,1
2024-01-01 00:02:00,0.6501339006135474,0
2024-01-01 00:03:00,0.46202007156065467,0
2024-01-01 00:04:00,0.461755104759999,0
2024-01-01 00:05:00,0.4501556255549244,0
2024-01-01 00:06:00,0.5533564530533763,0
2024-01-01 00:07:00,0.458824469599878,0
2024-01-01 00:08:00,0.3775692527381993,0
2024-01-01 00:09:00,0.7225910314777007,1
2024-01-01 00:10:00,0.3070865488543683,0
2024-01-01 00:11:00,0.5776336952682313,0
2024-01-01 00:12:00,0.6821473915396068,0
2024-01-01 00:13:00,0.45905860267587806,0
2024-01-01 00:14:00,0.30458337185062195,0
2024-01-01 00:15:00,0.374770905161942,0
2024-01-01 00:16:00,0.6695647598248915,0
2024-01-01 00:17:00,0.36333176118233057,0
2024-01-01 00:18:00,0.42080490787383085,0
2024-01-01 00:19:00,0.3923222512403104,0
2024-01-01 00:20:00,0.3959932346417913,0
2024-01-01 00:21:00,0.5908990491515059,0
2024-01-01 00:22:00,0.7442114640715521,1
2024-01-01 00:23:00,0.4012268689883138,0
2024-01-01 00:24:00,0.4242320838035313,0
2024-01-01 00:25:00,0.3726744786559801,0
2024-01-01 00:26:00,0.662172334172231,0
2024-01-01 00:27:00,0.589417106225505,0
2024-01-01 00:28:00,0.4707951060278208,0
2024-01-01 00:29:00,0.4767079473543166,0
2024-01-01 00:30:00,0.3572599813241982,0
2024-01-01 00:31:00,0.5050537652588554,0
2024-01-01 00:32:00,0.5768595850185998,0
2024-01-01 00:33:00,0.30324600737839535,0
2024-01-01 00:34:00,0.6757469631961327,0
2024-01-01 00:35:00,0.5842600360925616,0
2024-01-01 00:36:00,0.6848191925907248,0
2024-01-01 00:37:00,0.7257209357330805,1
2024-01-01 00:38:00,0.4439616384952967,0
2024-01-01 00:39:00,0.5777834216439932,0
2024-01-01 00:40:00,0.511406359522155,0
2024-01-01 00:41:00,0.3742814649764151,0
2024-01-01 00:42:00,0.6617033549177984,0
2024-01-01 00:43:00,0.44572404156377676,0
2024-01-01 00:44:00,0.3923802214731238,0
2024-01-01 00:45:00,0.5206487070346674,0
2024-01-01 00:46:00,0.44162451051736634,0
2024-01-01 00:47:00,0.3103888577447702,0
2024-01-01 00:48:00,0.5850251178320311,0
2024-01-01 00:49:00,0.46657843286282547,0
2024-01-01 00:50:00,0.6968933391358627,0
2024-01-01 00:51:00,0.34148566560810467,0
2024-01-01 00:52:00,0.6297564801501481,0
2024-01-01 00:53:00,0.6724668218172083,0
2024-01-01 00:54:00,0.3017129063039305,0
2024-01-01 00:55:00,0.7148800219654311,1
2024-01-01 00:56:00,0.35048510704074193,0
2024-01-01 00:57:00,0.7214257508871105,1
2024-01-01 00:58:00,0.5749741432121429,0
2024-01-01 00:59:00,0.5780077690799728,0
2024-01-01 01:00:00,0.49405796691185166,0
2024-01-01 01:01:00,0.696678014427969,0
2024-01-01 01:02:00,0.30560647260934676,0
2024-01-01 01:03:00,0.5741219725480005,0
2024-01-01 01:04:00,0.49816210489303075,0
2024-01-01 01:05:00,0.5137371710653713,0
2024-01-01 01:06:00,0.5638414210754347,0
2024-01-01 01:07:00,0.6106591853232045,0
2024-01-01 01:08:00,0.4583465657185215,0
2024-01-01 01:09:00,0.6125904387138443,0
2024-01-01 01:10:00,0.6851301915746117,0
2024-01-01 01:11:00,0.47126390400816703,0
2024-01-01 01:12:00,0.669713416305957,0
2024-01-01 01:13:00,0.49897588462244485,0
2024-01-01 01:14:00,0.3337583979010301,0
2024-01-01 01:15:00,0.360536056533253,0
2024-01-01 01:16:00,0.48510500222896474,0
2024-01-01 01:17:00,0.5316400735917103,0
2024-01-01 01:18:00,0.5089404649760063,0
2024-01-01 01:19:00,0.36277010586846326,0
2024-01-01 01:20:00,0.6984256407759724,0
2024-01-01 01:21:00,0.6116107564340084,0
2024-01-01 01:22:00,0.44036443212293236,0
2024-01-01 01:23:00,0.352789691550743,0
2024-01-01 01:24:00,0.6926287351713677,0
2024-01-01 01:25:00,0.6276490453484933,0
2024-01-01 01:26:00,0.5637597516104791,0
2024-01-01 01:27:00,0.5788802431835793,0
2024-01-01 01:28:00,0.6335907007923876,0
2024-01-01 01:29:00,0.6562998487297587,0
2024-01-01 01:30:00,0.4693223702974079,0
2024-01-01 01:31:00,0.5348606120814392,0
2024-01-01 01:32:00,0.5971114032944815,0
2024-01-01 01:33:00,0.368412852595787,0
2024-01-01 01:34:00,0.4992214512427603,0
2024-01-01 01:35:00,0.4069684001634127,0
2024-01-01 01:36:00,0.40421646120858423,0
2024-01-01 01:37:00,0.6761233037395324,0
2024-01-01 01:38:00,0.4792426226596831,0
2024-01-01 01:39:00,0.6367301166154993,0
2024-01-01 01:40:00,0.48365684997963043,0
2024-01-01 01:41:00,0.596294411829612,0
2024-01-01 01:42:00,0.3366409209494533,0
2024-01-01 01:43:00,0.3014953034315468,0
2024-01-01 01:44:00,0.36979233560270225,0
2024-01-01 01:45:00,0.5891272659887425,0
2024-01-01 01:46:00,0.49162625475452204,0
2024-01-01 01:47:00,0.6101427239103518,0
2024-01-01 01:48:00,0.33441448582138245,0
2024-01-01 01:49:00,0.7126067921956452,1
2024-01-01 01:50:00,0.5172089621349993,0
2024-01-01 01:51:00,0.4532196547837788,0
2024-01-01 01:52:00,0.4629271593652685,0
2024-01-01 01:53:00,0.48947076019747626,0
2024-01-01 01:54:00,0.5865491390670929,0
2024-01-01 01:55:00,0.5235475639425972,0
2024-01-01 01:56:00,0.5638997488086718,0
2024-01-01 01:57:00,0.31047220952195986,0
2024-01-01 01:58:00,0.6144711325509347,0
2024-01-01 01:59:00,0.3765533546925656,0
2024-01-01 02:00:00,0.6000577243028249,0
2024-01-01 02:01:00,0.3253470725464216,0
2024-01-01 02:02:00,0.7081679973342765,1
2024-01-01 02:03:00,0.73475552154249,1
2024-01-01 02:04:00,0.6107664137684073,0
2024-01-01 02:05:00,0.5368290932126102,0
2024-01-01 02:06:00,0.3920822135691172,0
2024-01-01 02:07:00,0.5655579527756225,0
2024-01-01 02:08:00,0.5268148490590508,0
2024-01-01 02:09:00,0.6222088789081872,0
2024-01-01 02:10:00,0.3859610304206423,0
2024-01-01 02:11:00,0.5868134670934348,0
2024-01-01 02:12:00,0.6770123749615723,0
2024-01-01 02:13:00,0.40379430210167655,0
2024-01-01 02:14:00,0.5402247570714884,0
2024-01-01 02:15:00,0.411658491942432,0
2024-01-01 02:16:00,0.7292809865706289,1
2024-01-01 02:17:00,0.4642689152593964,0
2024-01-01 02:18:00,0.7111432519397308,1
2024-01-01 02:19:00,0.5217616462589323,0
2024-01-01 02:20:00,0.33025224203397796,0
2024-01-01 02:21:00,0.5171999826206505,0
2024-01-01 02:22:00,0.46406698513836986,0
2024-01-01 02:23:00,0.30096419187842477,0
2024-01-01 02:24:00,0.5200649260049544,0
2024-01-01 02:25:00,0.53652685601281,0
2024-01-01 02:26:00,0.3558712696995328,0
2024-01-01 02:27:00,0.6821593447013459,0
2024-01-01 02:28:00,0.48061235059570506,0
2024-01-01 02:29:00,0.3181973239444187,0
2024-01-01 02:30:00,0.34330238197107416,0
2024-01-01 02:31:00,0.49610223943402576,0
2024-01-01 02:32:00,0.4760467566864226,0
2024-01-01 02:33:00,0.5076284635005559,0
2024-01-01 02:34:00,0.5062018916772514,0
2024-01-01 02:35:00,0.6302863054127843,0
2024-01-01 02:36:00,0.4752668084770908,0
2024-01-01 02:37:00,0.7119159084484601,1
2024-01-01 02:38:00,0.3833869777353075,0
2024-01-01 02:39:00,0.47736806869161,0
2024-01-01 02:40:00,0.5197637622481421,0
2024-01-01 02:41:00,0.3697979918040555,0
2024-01-01 02:42:00,0.6427392881928872,0
2024-01-01 02:43:00,0.5424317550980715,0
2024-01-01 02:44:00,0.3033730644323413,0
2024-01-01 02:45:00,0.34954875256067874,0
2024-01-01 02:46:00,0.6571553976760992,0
2024-01-01 02:47:00,0.5062085019782796,0
2024-01-01 02:48:00,0.49803498049106476,0
2024-01-01 02:49:00,0.35182723598686794,0
2024-01-01 02:50:00,0.4706807223242565,0
2024-01-01 02:51:00,0.6417262298276272,0
2024-01-01 02:52:00,0.524692434352087,0
2024-01-01 02:53:00,0.6466671284143766,0
2024-01-01 02:54:00,0.5513428173979997,0
2024-01-01 02:55:00,0.4775649366248528,0
2024-01-01 02:56:00,0.5800265109186997,0
2024-01-01 02:57:00,0.6686892402773644,0
2024-01-01 02:58:00,0.42231148451024114,0
2024-01-01 02:59:00,0.5969564351189157,0
2024-01-01 03:00:00,0.6201466200320513,0
2024-01-01 03:01:00,0.4227011600173005,0
2024-01-01 03:02:00,0.3990261446953904,0
2024-01-01 03:03:00,0.6513586048097201,0
2024-01-01 03:04:00,0.5285733360613099,0
2024-01-01 03:05:00,0.6632094228533535,0
2024-01-01 03:06:00,0.34986872772763566,0
2024-01-01 03:07:00,0.6992247710946686,0
2024-01-01 03:08:00,0.6872821936737668,0
2024-01-01 03:09:00,0.5229280667086882,0
2024-01-01 03:10:00,0.7040424400904813,1
2024-01-01 03:11:00,0.5588239092930556,0
2024-01-01 03:12:00,0.555863038582364,0
2024-01-01 03:13:00,0.6481852102663521,0
2024-01-01 03:14:00,0.5018737546620449,0
2024-01-01 03:15:00,0.3423251736862881,0
2024-01-01 03:16:00,0.4451402336190342,0
2024-01-01 03:17:00,0.6215498484039561,0
2024-01-01 03:18:00,0.736191789960371,1
2024-01-01 03:19:00,0.3067062351293957,0
2024-01-01 03:20:00,0.41425263303236864,0
2024-01-01 03:21:00,0.6126131645653062,0
2024-01-01 03:22:00,0.6186787482764169,0
2024-01-01 03:23:00,0.5666678553484175,0
2024-01-01 03:24:00,0.34746044065559006,0
2024-01-01 03:25:00,0.49156025049361374,0
2024-01-01 03:26:00,0.6968783105960534,0
2024-01-01 03:27:00,0.502178708720247,0
2024-01-01 03:28:00,0.3571395719960079,0
2024-01-01 03:29:00,0.42214515498517174,0
2024-01-01 03:30:00,0.6959373273233523,0
2024-01-01 03:31:00,0.575528067401365,0
2024-01-01 03:32:00,0.4356407602072016,0
2024-01-01 03:33:00,0.502352333813304,0
2024-01-01 03:34:00,0.6071351318027743,0
2024-01-01 03:35:00,0.5692377241050235,0
2024-01-01 03:36:00,0.5742445308058015,0
2024-01-01 03:37:00,0.5727607254434113,0
2024-01-01 03:38:00,0.6539818816029718,0
2024-01-01 03:39:00,0.5352883147428414,0
2024-01-01 03:40:00,0.5712599159858434,0
2024-01-01 03:41:00,0.4784940736847898,0
2024-01-01 03:42:00,0.5194233134518146,0
2024-01-01 03:43:00,0.5127964338391511,0
2024-01-01 03:44:00,0.5200313658467655,0
2024-01-01 03:45:00,0.47046457445521883,0
2024-01-01 03:46:00,0.6958519644136567,0
2024-01-01 03:47:00,0.34194822701819133,0
2024-01-01 03:48:00,0.6827302037180896,0
2024-01-01 03:49:00,0.5963749883425786,0
2024-01-01 03:50:00,0.5660542499091394,0
2024-01-01 03:51:00,0.3413961985709959,0
2024-01-01 03:52:00,0.33368575213166896,0
2024-01-01 03:53:00,0.7118863797299185,1
2024-01-01 03:54:00,0.3554315199313216,0
2024-01-01 03:55:00,0.30018880616112353,0
2024-01-01 03:56:00,0.487791647825602,0
2024-01-01 03:57:00,0.4588860820281478,0
2024-01-01 03:58:00,0.510955558370217,0
2024-01-01 03:59:00,0.5795687255081935,0
2024-01-01 04:00:00,0.5013248868727643,0
2024-01-01 04:01:00,0.4624791412940756,0
2024-01-01 04:02:00,0.41463979726918687,0
2024-01-01 04:03:00,0.7327438676297696,1
2024-01-01 04:04:00,0.5983335010208127,0
2024-01-01 04:05:00,0.42389191971064455,0
2024-01-01 04:06:00,0.6512158258413804,0
2024-01-01 04:07:00,0.36571480027732894,0
2024-01-01 04:08:00,0.49722366449401145,0
2024-01-01 04:09:00,0.32042384332713403,0
2024-01-01 04:10:00,0.6498670032437724,0
2024-01-01 04:11:00,0.6595806181768417,0
2024-01-01 04:12:00,0.5869067506399578,0
2024-01-01 04:13:00,0.6521483241442113,0
2024-01-01 04:14:00,0.4533286518535962,0
2024-01-01 04:15:00,0.4059299851158982,0
2024-01-01 04:16:00,0.38766412249411014,0
2024-01-01 04:17:00,0.6293311244463975,0
2024-01-01 04:18:00,0.6318742218581226,0
2024-01-01 04:19:00,0.6515727693941391,0
2024-01-01 04:20:00,0.6821786193705149,0
2024-01-01 04:21:00,0.5447019797644698,0
2024-01-01 04:22:00,0.36575737656747564,0
2024-01-01 04:23:00,0.716794675767364,1
2024-01-01 04:24:00,0.6936625117792395,0
2024-01-01 04:25:00,0.34515023482905904,0
2024-01-01 04:26:00,0.5307645914429794,0
2024-01-01 04:27:00,0.3704155374814585,0
2024-01-01 04:28:00,0.41941641009406305,0
2024-01-01 04:29:00,0.3066276579794876,0
2024-01-01 04:30:00,0.7475842688660204,1
2024-01-01 04:31:00,0.6060091220432875,0
2024-01-01 04:32:00,0.37960156751184004,0
2024-01-01 04:33:00,0.4625566724739086,0
2024-01-01 04:34:00,0.3563898040510266,0
2024-01-01 04:35:00,0.5616564418740772,0
2024-01-01 04:36:00,0.47831386125216496,0
2024-01-01 04:37:00,0.513749640402091,0
2024-01-01 04:38:00,0.3793776309442958,0
2024-01-01 04:39:00,0.6390238946257197,0
2024-01-01 04:40:00,0.4705966724703854,0
2024-01-01 04:41:00,0.41522224495479626,0
2024-01-01 04:42:00,0.6479576750963264,0
2024-01-01 04:43:00,0.6464241243544973,0
2024-01-01 04:44:00,0.5634414700056127,0
2024-01-01 04:45:00,0.5263598847833706,0
2024-01-01 04:46:00,0.4035614884783272,0
2024-01-01 04:47:00,0.5784767935705255,0
2024-01-01 04:48:00,0.5182274154309554,0
2024-01-01 04:49:00,0.38096860902594526,0
2024-01-01 04:50:00,0.5229911063999826,0
2024-01-01 04:51:00,0.6748268407979119,0
2024-01-01 04:52:00,0.5053398670491729,0
2024-01-01 04:53:00,0.6284707520768553,0
2024-01-01 04:54:00,0.6498060734013728,0
2024-01-01 04:55:00,0.563061198771367,0
2024-01-01 04:56:00,0.5335813753008573,0
2024-01-01 04:57:00,0.3523258458275563,0
2024-01-01 04:58:00,0.5931323128275967,0
2024-01-01 04:59:00,0.4914128748386171,0
2024-01-01 05:00:00,0.39136016752104635,0
2024-01-01 05:01:00,0.6499441197172012,0
2024-01-01 05:02:00,0.4251943840084689,0
2024-01-01 05:03:00,0.3122138292237073,0
2024-01-01 05:04:00,0.31099769038519176,0
2024-01-01 05:05:00,0.4640369761353553,0
2024-01-01 05:06:00,0.7247972000800338,1
2024-01-01 05:07:00,0.44832807141913256,0
2024-01-01 05:08:00,0.32949774659097586,0
2024-01-01 05:09:00,0.4138714531959521,0
2024-01-01 05:10:00,0.36350084805302463,0
2024-01-01 05:11:00,0.543452644474112,0
2024-01-01 05:12:00,0.6330534731776332,0
2024-01-01 05:13:00,0.5697457673459687,0
2024-01-01 05:14:00,0.3098320629502545,0
2024-01-01 05:15:00,0.47921718355001774,0
2024-01-01 05:16:00,0.3662478978331757,0
2024-01-01 05:17:00,0.5591017977419844,0
2024-01-01 05:18:00,0.5994598257062511,0
2024-01-01 05:19:00,0.334398551200728,0
2024-01-01 05:20:00,0.30415635661158175,0
2024-01-01 05:21:00,0.3316227543055817,0
2024-01-01 05:22:00,0.6121027724414554,0
2024-01-01 05:23:00,0.622665427561113,0
2024-01-01 05:24:00,0.4553428556526653,0
2024-01-01 05:25:00,0.713416471502093,1
2024-01-01 05:26:00,0.5226660213677727,0
2024-01-01 05:27:00,0.6208220348737221,0
2024-01-01 05:28:00,0.4196698344826363,0
2024-01-01 05:29:00,0.6331602032648977,0
2024-01-01 05:30:00,0.41698192009705004,0
2024-01-01 05:31:00,0.6326951056401022,0
2024-01-01 05:32:00,0.5854299090134201,0
2024-01-01 05:33:00,0.7132333969151152,1
2024-01-01 05:34:00,0.44376110340995667,0
2024-01-01 05:35:00,0.5494567693423823,0
2024-01-01 05:36:00,0.5017567243636558,0
2024-01-01 05:37:00,0.5229100865210673,0
2024-01-01 05:38:00,0.490881912128465,0
2024-01-01 05:39:00,0.625399562860268,0
2024-01-01 05:40:00,0.3969452416129599,0
2024-01-01 05:41:00,0.5864626924196226,0
2024-01-01 05:42:00,0.5528830621748122,0
2024-01-01 05:43:00,0.3759202522880166,0
2024-01-01 05:44:00,0.4821945822406584,0
2024-01-01 05:45:00,0.541416462252516,0
2024-01-01 05:46:00,0.6545782399825039,0
2024-01-01 05:47:00,0.34976089736623456,0
2024-01-01 05:48:00,0.4360519033848187,0
2024-01-01 05:49:00,0.5826786894253999,0
2024-01-01 05:50:00,0.4460260873727931,0
2024-01-01 05:51:00,0.3529112192878768,0
2024-01-01 05:52:00,0.6218868330327847,0
2024-01-01 05:53:00,0.603914645364418,0
2024-01-01 05:54:00,0.6563710912625929,0
2024-01-01 05:55:00,0.6452126798135887,0
2024-01-01 05:56:00,0.6210056720992051,0
2024-01-01 05:57:00,0.36834072328993417,0
2024-01-01 05:58:00,0.7126812913103183,1
2024-01-01 05:59:00,0.3883031273593363,0
2024-01-01 06:00:00,0.35645745394376377,0
2024-01-01 06:01:00,0.4195646320124724,0
2024-01-01 06:02:00,0.6795605576198039,0
2024-01-01 06:03:00,0.3473097046374784,0
2024-01-01 06:04:00,0.44065198674137296,0
2024-01-01 06:05:00,0.35144781992664764,0
2024-01-01 06:06:00,0.45683184720206294,0
2024-01-01 06:07:00,0.6853662210882295,0
2024-01-01 06:08:00,0.6816543004610315,0
2024-01-01 06:09:00,0.5085104657975997,0
2024-01-01 06:10:00,0.34040925304234093,0
2024-01-01 06:11:00,0.3131700405437873,0
2024-01-01 06:12:00,0.3526102874978052,0
2024-01-01 06:13:00,0.5126900776956217,0
2024-01-01 06:14:00,0.3496164589235211,0
2024-01-01 06:15:00,0.5113337709467098,0
2024-01-01 06:16:00,0.5502533905582705,0
2024-01-01 06:17:00,0.46549593118147115,0
2024-01-01 06:18:00,0.5965281058629898,0
2024-01-01 06:19:00,0.329721688001198,0
2024-01-01 06:20:00,0.5749888359998276,0
2024-01-01 06:21:00,0.6431422734552187,0
2024-01-01 06:22:00,0.612315021003605,0
2024-01-01 06:23:00,0.5420984913333999,0
2024-01-01 06:24:00,0.5177891506012531,0
2024-01-01 06:25:00,0.707021985914297,1
2024-01-01 06:26:00,0.6086542084518842,0
2024-01-01 06:27:00,0.555495109893011,0
2024-01-01 06:28:00,0.7032575768150467,1
2024-01-01 06:29:00,0.5139324484874236,0
2024-01-01 06:30:00,0.5084241042389853,0
2024-01-01 06:31:00,0.32430099408254887,0
2024-01-01 06:32:00,0.39406236566945996,0
2024-01-01 06:33:00,0.6341832886332749,0
2024-01-01 06:34:00,0.40325886091525764,0
2024-01-01 06:35:00,0.6182743315392307,0
2024-01-01 06:36:00,0.3079853894612525,0
2024-01-01 06:37:00,0.6074680350756874,0
2024-01-01 06:38:00,0.6358250682501538,0
2024-01-01 06:39:00,0.32399540654206094,0
2024-01-01 06:40:00,0.43427524198282624,0
2024-01-01 06:41:00,0.6811802000225251,0
2024-01-01 06:42:00,0.6959090868178135,0
2024-01-01 06:43:00,0.48084688102728507,0
2024-01-01 06:44:00,0.6511219069753009,0
2024-01-01 06:45:00,0.31609701082370706,0
2024-01-01 06:46:00,0.3941557912513539,0
2024-01-01 06:47:00,0.3296319897889189,0
2024-01-01 06:48:00,0.6573282278219781,0
2024-01-01 06:49:00,0.3569370745305804,0
2024-01-01 06:50:00,0.5227861775879599,0
2024-01-01 06:51:00,0.6652283971657058,0
2024-01-01 06:52:00,0.4302561236509488,0
2024-01-01 06:53:00,0.33484415300549086,0
2024-01-01 06:54:00,0.3720423822012357,0
2024-01-01 06:55:00,0.580246903383608,0
2024-01-01 06:56:00,0.4282374324736018,0
2024-01-01 06:57:00,0.566163599806877,0
2024-01-01 06:58:00,0.5418742980891365,0
2024-01-01 06:59:00,0.7251801397027141,1
2024-01-01 07:00:00,0.3144593013375318,0
2024-01-01 07:01:00,0.3860240884347248,0
2024-01-01 07:02:00,0.5351429914646939,0
2024-01-01 07:03:00,0.49180298186457505,0
2024-01-01 07:04:00,0.6355958660856492,0
2024-01-01 07:05:00,0.44042421173045315,0
2024-01-01 07:06:00,0.5160988928936359,0
2024-01-01 07:07:00,0.6892902521335663,0
2024-01-01 07:08:00,0.592357283390601,0
2024-01-01 07:09:00,0.3671686711214052,0
2024-01-01 07:10:00,0.41863075080912343,0
2024-01-01 07:11:00,0.6371708569814708,0
2024-01-01 07:12:00,0.3017173725726963,0
2024-01-01 07:13:00,0.3684294505063206,0
2024-01-01 07:14:00,0.6397058801843917,0
2024-01-01 07:15:00,0.44131836991675233,0
2024-01-01 07:16:00,0.38210468944953146,0
2024-01-01 07:17:00,0.47530053910025305,0
2024-01-01 07:18:00,0.37501361602796796,0
2024-01-01 07:19:00,0.4105493505349379,0
2024-01-01 07:20:00,0.31498626652331857,0
2024-01-01 07:21:00,0.7122241212618707,1
2024-01-01 07:22:00,0.40502216091589144,0
2024-01-01 07:23:00,0.6590008607905047,0
2024-01-01 07:24:00,0.4760236250289367,0
2024-01-01 07:25:00,0.6250775368339909,0
2024-01-01 07:26:00,0.6537370867671792,0
2024-01-01 07:27:00,0.3689465869840499,0
2024-01-01 07:28:00,0.6096069738874753,0
2024-01-01 07:29:00,0.73621823089529,1
2024-01-01 07:30:00,0.748978471184788,1
2024-01-01 07:31:00,0.6865712966125397,0
2024-01-01 07:32:00,0.4710731885293198,0
2024-01-01 07:33:00,0.7361809840594931,1
2024-01-01 07:34:00,0.34950820115283904,0
2024-01-01 07:35:00,0.7118125399302508,1
2024-01-01 07:36:00,0.3658280932771194,0
2024-01-01 07:37:00,0.46650012607928837,0
2024-01-01 07:38:00,0.486560837259037,0
2024-01-01 07:39:00,0.3037535335429011,0
2024-01-01 07:40:00,0.41595420016907286,0
2024-01-01 07:41:00,0.32611550098192565,0
2024-01-01 07:42:00,0.6241914905800112,0
2024-01-01 07:43:00,0.4242137317527121,0
2024-01-01 07:44:00,0.4239008369736603,0
2024-01-01 07:45:00,0.5981306635991122,0
2024-01-01 07:46:00,0.7168027792285094,1
2024-01-01 07:47:00,0.3179428817073145,0
2024-01-01 07:48:00,0.6485603697039909,0
2024-01-01 07:49:00,0.6917117447366099,0
2024-01-01 07:50:00,0.6579536102117528,0
2024-01-01 07:51:00,0.6390512483737736,0
2024-01-01 07:52:00,0.5227845191844737,0
2024-01-01 07:53:00,0.5554347303000038,0
2024-01-01 07:54:00,0.70475627506038,1
2024-01-01 07:55:00,0.6569405102091694,0
2024-01-01 07:56:00,0.3363755524912094,0
2024-01-01 07:57:00,0.5148874505108989,0
2024-01-01 07:58:00,0.560268434898209,0
2024-01-01 07:59:00,0.39281792475843036,0
2024-01-01 08:00:00,0.48952078306495533,0
2024-01-01 08:01:00,0.539127212880007,0
2024-01-01 08:02:00,0.7246232081591026,1
2024-01-01 08:03:00,0.5062313161626063,0
2024-01-01 08:04:00,0.581153353826229,0
2024-01-01 08:05:00,0.5865055138350205,0
2024-01-01 08:06:00,0.4280792156763855,0
2024-01-01 08:07:00,0.6689045028537496,0
2024-01-01 08:08:00,0.48578823954083133,0
2024-01-01 08:09:00,0.35827241178623936,0
2024-01-01 08:10:00,0.6996613750948064,0
2024-01-01 08:11:00,0.5969475142638279,0
2024-01-01 08:12:00,0.7090747935640179,1
2024-01-01 08:13:00,0.30447655010921487,0
2024-01-01 08:14:00,0.46389537667028197,0
2024-01-01 08:15:00,0.6339037867236148,0
2024-01-01 08:16:00,0.6285549136532715,0
2024-01-01 08:17:00,0.5374451517028277,0
2024-01-01 08:18:00,0.7187653289442247,1
2024-01-01 08:19:00,0.7060523940437603,1
2024-01-01 08:20:00,0.3773237534669649,0
2024-01-01 08:21:00,0.36022148310043206,0
2024-01-01 08:22:00,0.4354029818978486,0
2024-01-01 08:23:00,0.6475601459909737,0
2024-01-01 08:24:00,0.5239559813942659,0
2024-01-01 08:25:00,0.3425836868022285,0
2024-01-01 08:26:00,0.35410580916209367,0
2024-01-01 08:27:00,0.5682097676871066,0
2024-01-01 08:28:00,0.6253983314143631,0
2024-01-01 08:29:00,0.6748767851575308,0
2024-01-01 08:30:00,0.329005334574411,0
2024-01-01 08:31:00,0.36656792138865085,0
2024-01-01 08:32:00,0.41135354509382854,0
2024-01-01 08:33:00,0.4201827345968552,0
2024-01-01 08:34:00,0.3140647656412429,0
2024-01-01 08:35:00,0.5730787990360684,0
2024-01-01 08:36:00,0.38533457161497525,0
2024-01-01 08:37:00,0.3747967176991167,0
2024-01-01 08:38:00,0.630294416233512,0
2024-01-01 08:39:00,0.6591854805812747,0
2024-01-01 08:40:00,0.4089598873087732,0
2024-01-01 08:41:00,0.6764373187009087,0
2024-01-01 08:42:00,0.360560566138788,0
2024-01-01 08:43:00,0.7150112404752672,1
2024-01-01 08:44:00,0.42713997076181526,0
2024-01-01 08:45:00,0.7354417481777049,1
2024-01-01 08:46:00,0.5992981089703918,0
2024-01-01 08:47:00,0.5945268076924772,0
2024-01-01 08:48:00,0.4409915064314485,0
2024-01-01 08:49:00,0.6740000400452348,0
2024-01-01 08:50:00,0.43318478035016605,0
2024-01-01 08:51:00,0.4429142582219463,0
2024-01-01 08:52:00,0.36494458399636787,0
2024-01-01 08:53:00,0.599300161019789,0
2024-01-01 08:54:00,0.45061182027271207,0
2024-01-01 08:55:00,0.6562670133450071,0
2024-01-01 08:56:00,0.3093237245187497,0
2024-01-01 08:57:00,0.3971612986394384,0
2024-01-01 08:58:00,0.5771903217062766,0
2024-01-01 08:59:00,0.7241575990047213,1
2024-01-01 09:00:00,0.5603838808136685,0
2024-01-01 09:01:00,0.43570772392904417,0
2024-01-01 09:02:00,0.3094764098201622,0
2024-01-01 09:03:00,0.5879306068821532,0
2024-01-01 09:04:00,0.34576620928706825,0
2024-01-01 09:05:00,0.6412864700974075,0
2024-01-01 09:06:00,0.39063775782048304,0
2024-01-01 09:07:00,0.6176987980135771,0
2024-01-01 09:08:00,0.4967584253930307,0
2024-01-01 09:09:00,0.5750659772583511,0
2024-01-01 09:10:00,0.5359380814576816,0
2024-01-01 09:11:00,0.3416398408049118,0
2024-01-01 09:12:00,0.6184840441448091,0
2024-01-01 09:13:00,0.4105171062827355,0
2024-01-01 09:14:00,0.44939962757212704,0
2024-01-01 09:15:00,0.7399888066505862,1
2024-01-01 09:16:00,0.6183809094060673,0
2024-01-01 09:17:00,0.5175278223852484,0
2024-01-01 09:18:00,0.3110864776139697,0
2024-01-01 09:19:00,0.504903064234778,0
2024-01-01 09:20:00,0.6121025228344663,0
2024-01-01 09:21:00,0.7278024363309304,1
2024-01-01 09:22:00,0.565530482088468,0
2024-01-01 09:23:00,0.3234797007279234,0
2024-01-01 09:24:00,0.5405897589736255,0
2024-01-01 09:25:00,0.4882565628123604,0
2024-01-01 09:26:00,0.48767593732591874,0
2024-01-01 09:27:00,0.5071658979713238,0
2024-01-01 09:28:00,0.6405935543196705,0
2024-01-01 09:29:00,0.3987082941251028,0
2024-01-01 09:30:00,0.6711984350524409,0
2024-01-01 09:31:00,0.6242190910846583,0
2024-01-01 09:32:00,0.5837103400281005,0
2024-01-01 09:33:00,0.36241595980723784,0
2024-01-01 09:34:00,0.7235974863355734,1
2024-01-01 09:35:00,0.533060627996175,0
2024-01-01 09:36:00,0.5210029790741885,0
2024-01-01 09:37:00,0.6583157629093848,0
2024-01-01 09:38:00,0.3288479680983579,0
2024-01-01 09:39:00,0.7018833126111546,1
2024-01-01 09:40:00,0.4490775601073733,0
2024-01-01 09:41:00,0.6178978624222531,0
2024-01-01 09:42:00,0.45781569780649095,0
2024-01-01 09:43:00,0.6855239192608964,0
2024-01-01 09:44:00,0.3375975679624897,0
2024-01-01 09:45:00,0.6127037684908574,0
2024-01-01 09:46:00,0.7294746130820797,1
2024-01-01 09:47:00,0.5126755771138002,0
2024-01-01 09:48:00,0.3611889473956947,0
2024-01-01 09:49:00,0.637162939905517,0
2024-01-01 09:50:00,0.4249306654203255,0
2024-01-01 09:51:00,0.647158327331265,0
2024-01-01 09:52:00,0.3713142217715317,0
2024-01-01 09:53:00,0.5013132226078592,0
2024-01-01 09:54:00,0.403642839926672,0
2024-01-01 09:55:00,0.6628734798750675,0
2024-01-01 09:56:00,0.41570312621252625,0
2024-01-01 09:57:00,0.6340177263823257,0
2024-01-01 09:58:00,0.5187371844554829,0
2024-01-01 09:59:00,0.5350620888011783,0
2024-01-01 10:00:00,0.358241755981233,0
2024-01-01 10:01:00,0.4800723746019435,0
2024-01-01 10:02:00,0.5882657919775041,0
2024-01-01 10:03:00,0.5498409839635332,0
2024-01-01 10:04:00,0.7059851595491937,1
2024-01-01 10:05:00,0.3281996215585134,0
2024-01-01 10:06:00,0.3299282904805431,0
2024-01-01 10:07:00,0.31136938906051553,0
2024-01-01 10:08:00,0.33271084504148174,0
2024-01-01 10:09:00,0.4012571229670714,0
2024-01-01 10:10:00,0.3429205089508325,0
2024-01-01 10:11:00,0.6739927301239261,0
2024-01-01 10:12:00,0.4536947722786895,0
2024-01-01 10:13:00,0.44530541842536636,0
2024-01-01 10:14:00,0.7385010107345764,1
2024-01-01 10:15:00,0.5856981824006664,0
2024-01-01 10:16:00,0.42727701073416746,0
2024-01-01 10:17:00,0.6544643638167731,0
2024-01-01 10:18:00,0.37985927558977867,0
2024-01-01 10:19:00,0.3076478729898826,0
2024-01-01 10:20:00,0.4471202505872892,0
2024-01-01 10:21:00,0.6652386119941807,0
2024-01-01 10:22:00,0.6883811393194594,0
2024-01-01 10:23:00,0.6973987061071258,0
2024-01-01 10:24:00,0.5390912550382405,0
2024-01-01 10:25:00,0.3881257298316938,0
2024-01-01 10:26:00,0.39453841944630136,0
2024-01-01 10:27:00,0.3463048082081795,0
2024-01-01 10:28:00,0.7424358804803319,1
2024-01-01 10:29:00,0.3669690144567782,0
2024-01-01 10:30:00,0.5818810068618234,0
2024-01-01 10:31:00,0.3216161440994741,0
2024-01-01 10:32:00,0.6561344050074314,0
2024-01-01 10:33:00,0.47882012599318036,0
2024-01-01 10:34:00,0.5160015640959935,0
2024-01-01 10:35:00,0.477780491855216,0
2024-01-01 10:36:00,0.5015851164636993,0
2024-01-01 10:37:00,0.5442900787041014,0
2024-01-01 10:38:00,0.7168652799679617,1
2024-01-01 10:39:00,0.4230313223007736,0
2024-01-01 10:40:00,0.3975040633490514,0
2024-01-01 10:41:00,0.4891968376176793,0
2024-01-01 10:42:00,0.7488801667206472,1
2024-01-01 10:43:00,0.5221768055126615,0
2024-01-01 10:44:00,0.6597370896716299,0
2024-01-01 10:45:00,0.34546706606362537,0
2024-01-01 10:46:00,0.6727413466296669,0
2024-01-01 10:47:00,0.3894839919209892,0
2024-01-01 10:48:00,0.6211192781043042,0
2024-01-01 10:49:00,0.38761703104814665,0
2024-01-01 10:50:00,0.5051431962801155,0
2024-01-01 10:51:00,0.6796408418825944,0
2024-01-01 10:52:00,0.30035956555111953,0
2024-01-01 10:53:00,0.5933558509429837,0
2024-01-01 10:54:00,0.5311646159326857,0
2024-01-01 10:55:00,0.5648938310224136,0
2024-01-01 10:56:00,0.6026330781909686,0
2024-01-01 10:57:00,0.44764811708015423,0
2024-01-01 10:58:00,0.7377202698681401,1
2024-01-01 10:59:00,0.6171022345903129,0
2024-01-01 11:00:00,0.7095904134106897,1
2024-01-01 11:01:00,0.5893436482342158,0
2024-01-01 11:02:00,0.5426099994891916,0
2024-01-01 11:03:00,0.3512463193486106,0
2024-01-01 11:04:00,0.3702312357766022,0
2024-01-01 11:05:00,0.3520933854897498,0
2024-01-01 11:06:00,0.6438737213286387,0
2024-01-01 11:07:00,0.3133345991574814,0
2024-01-01 11:08:00,0.3532417973752098,0
2024-01-01 11:09:00,0.5768790279991994,0
2024-01-01 11:10:00,0.7182340322721763,1
2024-01-01 11:11:00,0.35873918294379953,0
2024-01-01 11:12:00,0.5692207763947726,0
2024-01-01 11:13:00,0.6678621685547083,0
2024-01-01 11:14:00,0.6079513715844449,0
2024-01-01 11:15:00,0.6250142762349713,0
2024-01-01 11:16:00,0.3301362550973486,0
2024-01-01 11:17:00,0.48096217283182874,0
2024-01-01 11:18:00,0.3002113662064204,0
2024-01-01 11:19:00,0.35271279372708686,0
2024-01-01 11:20:00,0.33652745483925217,0
2024-01-01 11:21:00,0.4128560964689036,0
2024-01-01 11:22:00,0.5164189131708479,0
2024-01-01 11:23:00,0.37009934987178617,0
2024-01-01 11:24:00,0.6350430764757536,0
2024-01-01 11:25:00,0.4328265459257772,0
2024-01-01 11:26:00,0.6352634049445864,0
2024-01-01 11:27:00,0.3189777174442697,0
2024-01-01 11:28:00,0.48686972593110084,0
2024-01-01 11:29:00,0.606634491426066,0
2024-01-01 11:30:00,0.3821151556059663,0
2024-01-01 11:31:00,0.5032175186330847,0
2024-01-01 11:32:00,0.6292270128102371,0
2024-01-01 11:33:00,0.3355570137857221,0
2024-01-01 11:34:00,0.5321735225742831,0
2024-01-01 11:35:00,0.402518855820041,0
2024-01-01 11:36:00,0.3117155224057233,0
2024-01-01 11:37:00,0.6266854106984807,0
2024-01-01 11:38:00,0.5969094907123289,0
2024-01-01 11:39:00,0.6536159368016712,0
2024-01-01 11:40:00,0.43473185155444766,0
2024-01-01 11:41:00,0.685993023812335,0
2024-01-01 11:42:00,0.5580272474006228,0
2024-01-01 11:43:00,0.7032905315837266,1
2024-01-01 11:44:00,0.6654673633041079,0
2024-01-01 11:45:00,0.4599183631246953,0
2024-01-01 11:46:00,0.43303680844117864,0
2024-01-01 11:47:00,0.5262032711603659,0
2024-01-01 11:48:00,0.7341509755858596,1
2024-01-01 11:49:00,0.5146805196727984,0
2024-01-01 11:50:00,0.6655994331333077,0
2024-01-01 11:51:00,0.3366712885247524,0
2024-01-01 11:52:00,0.615409990729592,0
2024-01-01 11:53:00,0.38504496280670186,0
2024-01-01 11:54:00,0.5649684028472769,0
2024-01-01 11:55:00,0.4005659322225534,0
2024-01-01 11:56:00,0.39337577526770995,0
2024-01-01 11:57:00,0.5547807244998715,0
2024-01-01 11:58:00,0.5558539384785458,0
2024-01-01 11:59:00,0.5977898485357176,0
2024-01-01 12:00:00,0.45825497464364356,0
2024-01-01 12:01:00,0.4167013132466291,0
2024-01-01 12:02:00,0.4275044325680979,0
2024-01-01 12:03:00,0.4379106944464284,0
2024-01-01 12:04:00,0.5856335963297802,0
2024-01-01 12:05:00,0.5079477755475853,0
2024-01-01 12:06:00,0.5151727897677707,0
2024-01-01 12:07:00,0.5545101116354676,0
2024-01-01 12:08:00,0.5965742179446889,0
2024-01-01 12:09:00,0.3205657264489304,0
2024-01-01 12:10:00,0.5084177159028458,0
2024-01-01 12:11:00,0.681144355812785,0
2024-01-01 12:12:00,0.6294347172297841,0
2024-01-01 12:13:00,0.3606265974896852,0
2024-01-01 12:14:00,0.333234411670811,0
2024-01-01 12:15:00,0.33627036476851707,0
2024-01-01 12:16:00,0.5249322212735712,0
2024-01-01 12:17:00,0.4322478281255059,0
2024-01-01 12:18:00,0.681056243956259,0
2024-01-01 12:19:00,0.5201478004548167,0
2024-01-01 12:20:00,0.5368498715643846,0
2024-01-01 12:21:00,0.5153290693039354,0
2024-01-01 12:22:00,0.5712265706581237,0
2024-01-01 12:23:00,0.7453809822612162,1
2024-01-01 12:24:00,0.5843929102361227,0
2024-01-01 12:25:00,0.3763643091202466,0
2024-01-01 12:26:00,0.5228923951218235,0
2024-01-01 12:27:00,0.3406619318639598,0
2024-01-01 12:28:00,0.4917850577299988,0
2024-01-01 12:29:00,0.6331906655372751,0
2024-01-01 12:30:00,0.40519561390667386,0
2024-01-01 12:31:00,0.6246134035378446,0
2024-01-01 12:32:00,0.6873771204892359,0
2024-01-01 12:33:00,0.7460519017423743,1
2024-01-01 12:34:00,0.5928597111064615,0
2024-01-01 12:35:00,0.4775034513234766,0
2024-01-01 12:36:00,0.3554744313775242,0
2024-01-01 12:37:00,0.4370338464621608,0
2024-01-01 12:38:00,0.32503237287889214,0
2024-01-01 12:39:00,0.5397405103474275,0
2024-01-01 12:40:00,0.5208216181160702,0
2024-01-01 12:41:00,0.37115452662453396,0
2024-01-01 12:42:00,0.33678684047712304,0
2024-01-01 12:43:00,0.5017110190206462,0
2024-01-01 12:44:00,0.6141135335624404,0
2024-01-01 12:45:00,0.40759140586641524,0
2024-01-01 12:46:00,0.6108971996186464,0
2024-01-01 12:47:00,0.7069883315244078,1
2024-01-01 12:48:00,0.4096889265333727,0
2024-01-01 12:49:00,0.3898323691375901,0
2024-01-01 12:50:00,0.3915794151683656,0
2024-01-01 12:51:00,0.4004114823291176,0
2024-01-01 12:52:00,0.4763540010921146,0
2024-01-01 12:53:00,0.37650575266746883,0
2024-01-01 12:54:00,0.42386906379936246,0
2024-01-01 12:55:00,0.4979604518548482,0
2024-01-01 12:56:00,0.556467962759255,0
2024-01-01 12:57:00,0.3506742765742585,0
2024-01-01 12:58:00,0.4702079612195243,0
2024-01-01 12:59:00,0.5174733758098953,0
2024-01-01 13:00:00,0.5652267285301554,0
2024-01-01 13:01:00,0.3383329380795547,0
2024-01-01 13:02:00,0.4635012267655949,0
2024-01-01 13:03:00,0.5654650343083656,0
2024-01-01 13:04:00,0.6358760408009554,0
2024-01-01 13:05:00,0.6843312281256191,0
2024-01-01 13:06:00,0.39938648390895837,0
2024-01-01 13:07:00,0.7156926217284311,1
2024-01-01 13:08:00,0.5165799341273711,0
2024-01-01 13:09:00,0.6445972709466038,0
2024-01-01 13:10:00,0.315052398878369,0
2024-01-01 13:11:00,0.41131146814039643,0
2024-01-01 13:12:00,0.6634919281821912,0
2024-01-01 13:13:00,0.522279040976722,0
2024-01-01 13:14:00,0.6471594776959493,0
2024-01-01 13:15:00,0.5304931464408174,0
2024-01-01 13:16:00,0.46085498685275206,0
2024-01-01 13:17:00,0.3403260656969994,0
2024-01-01 13:18:00,0.465034386027113,0
2024-01-01 13:19:00,0.6346615037889689,0
2024-01-01 13:20:00,0.38574638869671346,0
2024-01-01 13:21:00,0.5768490830110725,0
2024-01-01 13:22:00,0.5927820282255285,0
2024-01-01 13:23:00,0.588224833866535,0
2024-01-01 13:24:00,0.44419930611082337,0
2024-01-01 13:25:00,0.3682859130924111,0
2024-01-01 13:26:00,0.6309083706418723,0
2024-01-01 13:27:00,0.4152731846018951,0
2024-01-01 13:28:00,0.47189659930096284,0
2024-01-01 13:29:00,0.403949393386865,0
2024-01-01 13:30:00,0.6609864240030088,0
2024-01-01 13:31:00,0.4758295890444286,0
2024-01-01 13:32:00,0.7205687392755268,1
2024-01-01 13:33:00,0.6482678382733383,0
2024-01-01 13:34:00,0.36391491663665715,0
2024-01-01 13:35:00,0.6133020995235197,0
2024-01-01 13:36:00,0.46475834448420883,0
2024-01-01 13:37:00,0.4764120462400835,0
2024-01-01 13:38:00,0.505655028233868,0
2024-01-01 13:39:00,0.632194547826969,0
2024-01-01 13:40:00,0.36722033493402073,0
2024-01-01 13:41:00,0.4988624520632322,0
2024-01-01 13:42:00,0.504961060894924,0
2024-01-01 13:43:00,0.42922379923950094,0
2024-01-01 13:44:00,0.47220136020812525,0
2024-01-01 13:45:00,0.558663774428001,0
2024-01-01 13:46:00,0.36023310391292335,0
2024-01-01 13:47:00,0.4686930354502297,0
2024-01-01 13:48:00,0.40997810439830307,0
2024-01-01 13:49:00,0.4600843341455272,0
2024-01-01 13:50:00,0.6490802752832503,0
2024-01-01 13:51:00,0.3867721562931214,0
2024-01-01 13:52:00,0.4140114000538766,0
2024-01-01 13:53:00,0.44142736674535826,0
2024-01-01 13:54:00,0.3883385724150823,0
2024-01-01 13:55:00,0.5533965729346979,0
2024-01-01 13:56:00,0.4334059266305776,0
2024-01-01 13:57:00,0.7205100657886209,1
2024-01-01 13:58:00,0.7087063057076619,1
2024-01-01 13:59:00,0.4342090732951854,0
2024-01-01 14:00:00,0.6097592016575444,0
2024-01-01 14:01:00,0.434036860039732,0
2024-01-01 14:02:00,0.3389563228956334,0
2024-01-01 14:03:00,0.6009914695007008,0
2024-01-01 14:04:00,0.3757910843261675,0
2024-01-01 14:05:00,0.6429965139898208,0
2024-01-01 14:06:00,0.5570771184705661,0
2024-01-01 14:07:00,0.44531743450344236,0
2024-01-01 14:08:00,0.4676995221605803,0
2024-01-01 14:09:00,0.3743115113763786,0
2024-01-01 14:10:00,0.44958699164852234,0
2024-01-01 14:11:00,0.5474066138866053,0
2024-01-01 14:12:00,0.43286145069544807,0
2024-01-01 14:13:00,0.528919070776005,0
2024-01-01 14:14:00,0.5557814036697077,0
2024-01-01 14:15:00,0.37641233189323575,0
2024-01-01 14:16:00,0.5624956658705902,0
2024-01-01 14:17:00,0.5325700204466884,0
2024-01-01 14:18:00,0.3279876334124778,0
2024-01-01 14:19:00,0.5926008567069105,0
2024-01-01 14:20:00,0.5224454940904636,0
2024-01-01 14:21:00,0.6363557988112601,0
2024-01-01 14:22:00,0.5965182336424442,0
2024-01-01 14:23:00,0.5103697310758113,0
2024-01-01 14:24:00,0.4548414373494285,0
2024-01-01 14:25:00,0.6020624704867494,0
2024-01-01 14:26:00,0.6435595628754596,0
2024-01-01 14:27:00,0.40392568632171555,0
2024-01-01 14:28:00,0.5103697924014751,0
2024-01-01 14:29:00,0.3485262078324605,0
2024-01-01 14:30:00,0.6448183342853355,0
2024-01-01 14:31:00,0.43880760434115096,0
2024-01-01 14:32:00,0.6874019732551815,0
2024-01-01 14:33:00,0.5017056391476038,0
2024-01-01 14:34:00,0.3859952940057196,0
2024-01-01 14:35:00,0.3323148190255478,0
2024-01-01 14:36:00,0.6253428410936799,0
2024-01-01 14:37:00,0.5765532373063109,0
2024-01-01 14:38:00,0.4524751874872397,0
2024-01-01 14:39:00,0.3576172774800175,0
2024-01-01 14:40:00,0.4061338696080293,0
2024-01-01 14:41:00,0.4106762432119313,0
2024-01-01 14:42:00,0.3344326134541739,0
2024-01-01 14:43:00,0.5761654057491589,0
2024-01-01 14:44:00,0.35417692459933775,0
2024-01-01 14:45:00,0.35415249903096185,0
2024-01-01 14:46:00,0.31930090727733573,0
2024-01-01 14:47:00,0.6137718061218335,0
2024-01-01 14:48:00,0.6655094566671471,0
2024-01-01 14:49:00,0.6503246795033553,0
2024-01-01 14:50:00,0.3839787554478167,0
2024-01-01 14:51:00,0.7132485571177847,1
2024-01-01 14:52:00,0.6955442937101011,0
2024-01-01 14:53:00,0.38637934493051207,0
2024-01-01 14:54:00,0.5193689061910585,0
2024-01-01 14:55:00,0.41712086859683195,0
2024-01-01 14:56:00,0.738556185367831,1
2024-01-01 14:57:00,0.34982704928612884,0
2024-01-01 14:58:00,0.5061132510983832,0
2024-01-01 14:59:00,0.6506751278672064,0
2024-01-01 15:00:00,0.4595368082989225,0
2024-01-01 15:01:00,0.6206225937240628,0
2024-01-01 15:02:00,0.6935084808981062,0
2024-01-01 15:03:00,0.6046606976742146,0
2024-01-01 15:04:00,0.5948070452399856,0
2024-01-01 15:05:00,0.4665785049076308,0
2024-01-01 15:06:00,0.7186753199934487,1
2024-01-01 15:07:00,0.38312968640261713,0
2024-01-01 15:08:00,0.5586767292088068,0
2024-01-01 15:09:00,0.6311583356762395,0
2024-01-01 15:10:00,0.6723510881481194,0
2024-01-01 15:11:00,0.38866802036861403,0
2024-01-01 15:12:00,0.5887055294817224,0
2024-01-01 15:13:00,0.3096793767808587,0
2024-01-01 15:14:00,0.5797340081841166,0
2024-01-01 15:15:00,0.6944221906200203,0
2024-01-01 15:16:00,0.4651153104515582,0
2024-01-01 15:17:00,0.6547136783153416,0
2024-01-01 15:18:00,0.6137161418034365,0
2024-01-01 15:19:00,0.32629742239577847,0
2024-01-01 15:20:00,0.5420624161241403,0
2024-01-01 15:21:00,0.3747732066021079,0
2024-01-01 15:22:00,0.6020133786939892,0
2024-01-01 15:23:00,0.5574987746709172,0
2024-01-01 15:24:00,0.6339020278678098,0
2024-01-01 15:25:00,0.47136830992980344,0
2024-01-01 15:26:00,0.43201063215105007,0
2024-01-01 15:27:00,0.43493868783018624,0
2024-01-01 15:28:00,0.7180233815051298,1
2024-01-01 15:29:00,0.5945783683028734,0
2024-01-01 15:30:00,0.6232814957213924,0
2024-01-01 15:31:00,0.5616809978743827,0
2024-01-01 15:32:00,0.3172453558183002,0
2024-01-01 15:33:00,0.42828765353447135,0
2024-01-01 15:34:00,0.5452282152317628,0
2024-01-01 15:35:00,0.3005550004338749,0
2024-01-01 15:36:00,0.3512063219259311,0
2024-01-01 15:37:00,0.5565032458470935,0
2024-01-01 15:38:00,0.7050536571754978,1
2024-01-01 15:39:00,0.511717570043102,0
2024-01-01 15:40:00,0.5566156366168915,0
2024-01-01 15:41:00,0.6571319186129112,0
2024-01-01 15:42:00,0.6657145350853289,0
2024-01-01 15:43:00,0.5717049014407372,0
2024-01-01 15:44:00,0.576254418795022,0
2024-01-01 15:45:00,0.4600803766446261,0
2024-01-01 15:46:00,0.406108981962896,0
2024-01-01 15:47:00,0.6571292218463689,0
2024-01-01 15:48:00,0.6565072495427601,0
2024-01-01 15:49:00,0.6286597669619882,0
2024-01-01 15:50:00,0.5492669731954668,0
2024-01-01 15:51:00,0.4489633548946408,0
2024-01-01 15:52:00,0.3257137657415585,0
2024-01-01 15:53:00,0.7454247592086892,1
2024-01-01 15:54:00,0.6250030900824042,0
2024-01-01 15:55:00,0.5789295244248398,0
2024-01-01 15:56:00,0.35747958252117024,0
2024-01-01 15:57:00,0.624017560526059,0
2024-01-01 15:58:00,0.31060749902530915,0
2024-01-01 15:59:00,0.3416080302844361,0
2024-01-01 16:00:00,0.4249186899268102,0
2024-01-01 16:01:00,0.5471161833148983,0
2024-01-01 16:02:00,0.611112545227819,0
2024-01-01 16:03:00,0.4125331495889577,0
2024-01-01 16:04:00,0.7370208557466779,1
2024-01-01 16:05:00,0.49121820014752293,0
2024-01-01 16:06:00,0.4554920051593837,0
2024-01-01 16:07:00,0.3749034373435638,0
2024-01-01 16:08:00,0.6903039987164757,0
2024-01-01 16:09:00,0.616806126059253,0
2024-01-01 16:10:00,0.3646576075581298,0
2024-01-01 16:11:00,0.4632747969035524,0
2024-01-01 16:12:00,0.37937030381910464,0
2024-01-01 16:13:00,0.48098565809150245,0
2024-01-01 16:14:00,0.4852309954577946,0
2024-01-01 16:15:00,0.6423127506758571,0
2024-01-01 16:16:00,0.6552543738362872,0
2024-01-01 16:17:00,0.712197876381258,1
2024-01-01 16:18:00,0.3156427494600759,0
2024-01-01 16:19:00,0.479922803587006,0
2024-01-01 16:20:00,0.624826345774809,0
2024-01-01 16:21:00,0.562209855221016,0
2024-01-01 16:22:00,0.3452591343495745,0
2024-01-01 16:23:00,0.3521109923067456,0
2024-01-01 16:24:00,0.5505021575849226,0
2024-01-01 16:25:00,0.40838321657746546,0
2024-01-01 16:26:00,0.5879081452282533,0
2024-01-01 16:27:00,0.5750379396802866,0
2024-01-01 16:28:00,0.39758705715296955,0
2024-01-01 16:29:00,0.3823937817337093,0
2024-01-01 16:30:00,0.5094640535681879,0
2024-01-01 16:31:00,0.5231634146872899,0
2024-01-01 16:32:00,0.4135501178070413,0
2024-01-01 16:33:00,0.4897166483894788,0
2024-01-01 16:34:00,0.32356908352311126,0
2024-01-01 16:35:00,0.5069319444076053,0
2024-01-01 16:36:00,0.6942707165749715,0
2024-01-01 16:37:00,0.4283630668849025,0
2024-01-01 16:38:00,0.6789976762170243,0
2024-01-01 16:39:00,0.37642035025718196,0
2024-01-01 16:40:00,0.6405316882883803,0
2024-01-01 16:41:00,0.46952811936213124,0
2024-01-01 16:42:00,0.697224819257391,0
2024-01-01 16:43:00,0.6234861784308117,0
2024-01-01 16:44:00,0.47899589424159306,0
2024-01-01 16:45:00,0.7035419253194914,1
2024-01-01 16:46:00,0.4627100472035068,0
2024-01-01 16:47:00,0.38328934338111886,0
2024-01-01 16:48:00,0.46019055676846343,0
2024-01-01 16:49:00,0.384339348938612,0
2024-01-01 16:50:00,0.5995972690658254,0
2024-01-01 16:51:00,0.6832230257166091,0
2024-01-01 16:52:00,0.32552049245175946,0
2024-01-01 16:53:00,0.7187795278455695,1
2024-01-01 16:54:00,0.44734797111791486,0
2024-01-01 16:55:00,0.5833465387747174,0
2024-01-01 16:56:00,0.6593061443386103,0
2024-01-01 16:57:00,0.4158835353739858,0
2024-01-01 16:58:00,0.30677995137587316,0
2024-01-01 16:59:00,0.6620793139936464,0
2024-01-01 17:00:00,0.6542404861148153,0
2024-01-01 17:01:00,0.35188143072815087,0
2024-01-01 17:02:00,0.5458522910884718,0
2024-01-01 17:03:00,0.5149391605011345,0
2024-01-01 17:04:00,0.3384681721027494,0
2024-01-01 17:05:00,0.5802394419567798,0
2024-01-01 17:06:00,0.4893522773062442,0
2024-01-01 17:07:00,0.7390786697067875,1
2024-01-01 17:08:00,0.6254071976003781,0
2024-01-01 17:09:00,0.6626197909291142,0
2024-01-01 17:10:00,0.49507613057405386,0
2024-01-01 17:11:00,0.4365471376401653,0
2024-01-01 17:12:00,0.5842786149653778,0
2024-01-01 17:13:00,0.6966293666258874,0
2024-01-01 17:14:00,0.6271847500961139,0
2024-01-01 17:15:00,0.5435757713683805,0
2024-01-01 17:16:00,0.5976044529609827,0
2024-01-01 17:17:00,0.5530640599654697,0
2024-01-01 17:18:00,0.35877408258956495,0
2024-01-01 17:19:00,0.6902823173282935,0
2024-01-01 17:20:00,0.3571000321888817,0
2024-01-01 17:21:00,0.6428332637602732,0
2024-01-01 17:22:00,0.51562250974913,0
2024-01-01 17:23:00,0.36307445720818976,0
2024-01-01 17:24:00,0.4622259204311507,0
2024-01-01 17:25:00,0.5056409389619372,0
2024-01-01 17:26:00,0.5935432059994237,0
2024-01-01 17:27:00,0.38571726538068085,0
2024-01-01 17:28:00,0.3213015769683535,0
2024-01-01 17:29:00,0.7328599966469787,1
2024-01-01 17:30:00,0.3422918420813073,0
2024-01-01 17:31:00,0.5686291720289156,0
2024-01-01 17:32:00,0.480446642888212,0
2024-01-01 17:33:00,0.5521708887823795,0
2024-01-01 17:34:00,0.4783486659058021,0
2024-01-01 17:35:00,0.5401913418273985,0
2024-01-01 17:36:00,0.3851740776173008,0
2024-01-01 17:37:00,0.6658966826559896,0
2024-01-01 17:38:00,0.7152045948766771,1
2024-01-01 17:39:00,0.45754969521122635,0
2024-01-01 17:40:00,0.6100118246624364,0
2024-01-01 17:41:00,0.5024237654201393,0
2024-01-01 17:42:00,0.38206064173825105,0
2024-01-01 17:43:00,0.5098224277252706,0
2024-01-01 17:44:00,0.45688186263206976,0
2024-01-01 17:45:00,0.7443434695602016,1
2024-01-01 17:46:00,0.49105788788081706,0
2024-01-01 17:47:00,0.4595865526564859,0
2024-01-01 17:48:00,0.6337951821609011,0
2024-01-01 17:49:00,0.6354408375819935,0
2024-01-01 17:50:00,0.7093565593918456,1
2024-01-01 17:51:00,0.3927415559833815,0
2024-01-01 17:52:00,0.4166618350110528,0
2024-01-01 17:53:00,0.3068229897436037,0
2024-01-01 17:54:00,0.6660128805226648,0
2024-01-01 17:55:00,0.5055707093030544,0
2024-01-01 17:56:00,0.6406536367068494,0
2024-01-01 17:57:00,0.5830363901441035,0
2024-01-01 17:58:00,0.4255717594099716,0
2024-01-01 17:59:00,0.3790959401403437,0
2024-01-01 18:00:00,0.35793574883033163,0
2024-01-01 18:01:00,0.3948737553809644,0
2024-01-01 18:02:00,0.5218412332448612,0
2024-01-01 18:03:00,0.4866882653478328,0
2024-01-01 18:04:00,0.682530027101296,0
2024-01-01 18:05:00,0.6136423086100236,0
2024-01-01 18:06:00,0.489319258046667,0
2024-01-01 18:07:00,0.39330444189430064,0
2024-01-01 18:08:00,0.6144817489914292,0
2024-01-01 18:09:00,0.6810403805930232,0
2024-01-01 18:10:00,0.5608017786830755,0
2024-01-01 18:11:00,0.5355154432060727,0
2024-01-01 18:12:00,0.3258365850791474,0
2024-01-01 18:13:00,0.7453987313562931,1
2024-01-01 18:14:00,0.4184795673952379,0
2024-01-01 18:15:00,0.5210304788674509,0
2024-01-01 18:16:00,0.5024194642153765,0
2024-01-01 18:17:00,0.437336922255409,0
2024-01-01 18:18:00,0.30091081732133823,0
2024-01-01 18:19:00,0.45555358781502964,0
2024-01-01 18:20:00,0.6998929590304387,0
2024-01-01 18:21:00,0.5572042231563106,0
2024-01-01 18:22:00,0.45483175317139407,0
2024-01-01 18:23:00,0.3470444508849244,0
2024-01-01 18:24:00,0.35486093615056963,0
2024-01-01 18:25:00,0.6537322957102023,0
2024-01-01 18:26:00,0.3456525350004771,0
2024-01-01 18:27:00,0.4387542073556945,0
2024-01-01 18:28:00,0.35414378175612116,0
2024-01-01 18:29:00,0.5922979279124168,0
2024-01-01 18:30:00,0.40998994705746133,0
2024-01-01 18:31:00,0.43003619312321884,0
2024-01-01 18:32:00,0.5354912659365151,0
2024-01-01 18:33:00,0.3296137233484318,0
2024-01-01 18:34:00,0.4070181294150056,0
2024-01-01 18:35:00,0.3187713085086881,0
2024-01-01 18:36:00,0.37848729193756725,0
2024-01-01 18:37:00,0.45416554146050153,0
2024-01-01 18:38:00,0.6346081914476435,0
2024-01-01 18:39:00,0.4259263416288602,0
2024-01-01 18:40:00,0.739167622164802,1
2024-01-01 18:41:00,0.5082845379394152,0
2024-01-01 18:42:00,0.6587850116283469,0
2024-01-01 18:43:00,0.6949582551961959,0
2024-01-01 18:44:00,0.42663945555612176,0
2024-01-01 18:45:00,0.7352268021835843,1
2024-01-01 18:46:00,0.63211879112643,0
2024-01-01 18:47:00,0.6251882040652192,0
2024-01-01 18:48:00,0.3330615782094515,0
2024-01-01 18:49:00,0.4091713031111956,0
2024-01-01 18:50:00,0.6981801093011099,0
2024-01-01 18:51:00,0.5821863553369528,0
2024-01-01 18:52:00,0.3404861890729523,0
2024-01-01 18:53:00,0.4912851837299524,0
2024-01-01 18:54:00,0.38054961420304784,0
2024-01-01 18:55:00,0.556257987494807,0
2024-01-01 18:56:00,0.5870576462954844,0
2024-01-01 18:57:00,0.6961565452138523,0
2024-01-01 18:58:00,0.6565956717338317,0
2024-01-01 18:59:00,0.5230230922502251,0
2024-01-01 19:00:00,0.6376514475395076,0
2024-01-01 19:01:00,0.5526153875593158,0
2024-01-01 19:02:00,0.4736204665134469,0
2024-01-01 19:03:00,0.4965795097609054,0
2024-01-01 19:04:00,0.5408585987778609,0
2024-01-01 19:05:00,0.4915067323042175,0
2024-01-01 19:06:00,0.5008289270228071,0
2024-01-01 19:07:00,0.46067850829068496,0
2024-01-01 19:08:00,0.6403264159173879,0
2024-01-01 19:09:00,0.37572626727466657,0
2024-01-01 19:10:00,0.32093449967524856,0
2024-01-01 19:11:00,0.5689871014790839,0
2024-01-01 19:12:00,0.4133924440164496,0
2024-01-01 19:13:00,0.3828106748375771,0
2024-01-01 19:14:00,0.34052348747957745,0
2024-01-01 19:15:00,0.7412164321437003,1
2024-01-01 19:16:00,0.4698899597151212,0
2024-01-01 19:17:00,0.6551540781050228,0
2024-01-01 19:18:00,0.48840847005889626,0
2024-01-01 19:19:00,0.4003042157277057,0
2024-01-01 19:20:00,0.5330974391813391,0
2024-01-01 19:21:00,0.4503201214249211,0
2024-01-01 19:22:00,0.33856895911041623,0
2024-01-01 19:23:00,0.6038943163650465,0
2024-01-01 19:24:00,0.6653331959060934,0
2024-01-01 19:25:00,0.6830584482921278,0
2024-01-01 19:26:00,0.410190409794477,0
2024-01-01 19:27:00,0.49676552914264216,0
2024-01-01 19:28:00,0.38450391950897134,0
2024-01-01 19:29:00,0.7398720444784916,1
2024-01-01 19:30:00,0.7336885513096058,1
2024-01-01 19:31:00,0.4031114975091865,0
2024-01-01 19:32:00,0.5663926049410719,0
2024-01-01 19:33:00,0.6989686751998317,0
2024-01-01 19:34:00,0.6877050223946657,0
2024-01-01 19:35:00,0.6741433993247706,0
2024-01-01 19:36:00,0.43818145351348226,0
2024-01-01 19:37:00,0.5930364663686232,0
2024-01-01 19:38:00,0.6118820924344841,0
2024-01-01 19:39:00,0.38604636702781037,0
2024-01-01 19:40:00,0.44952221140700876,0
2024-01-01 19:41:00,0.3939143770682805,0
2024-01-01 19:42:00,0.53341851235461,0
2024-01-01 19:43:00,0.5553632755065567,0
2024-01-01 19:44:00,0.4470457228151752,0
2024-01-01 19:45:00,0.6581387267520218,0
2024-01-01 19:46:00,0.6244998209843708,0
2024-01-01 19:47:00,0.42599782573370465,0
2024-01-01 19:48:00,0.5308790461262605,0
2024-01-01 19:49:00,0.69738795981996,0
2024-01-01 19:50:00,0.6288666086386134,0
2024-01-01 19:51:00,0.6381432756340686,0
2024-01-01 19:52:00,0.7388190997780031,1
2024-01-01 19:53:00,0.38512946355527156,0
2024-01-01 19:54:00,0.32318359429960997,0
2024-01-01 19:55:00,0.7079407906543027,1
2024-01-01 19:56:00,0.6187415534816816,0
2024-01-01 19:57:00,0.5268904567621937,0
2024-01-01 19:58:00,0.4404237142650649,0
2024-01-01 19:59:00,0.4940527443071393,0
2024-01-01 20:00:00,0.6317280484414703,0
2024-01-01 20:01:00,0.5568715647857383,0
2024-01-01 20:02:00,0.7419709817298725,1
2024-01-01 20:03:00,0.6170275698942397,0
2024-01-01 20:04:00,0.32183743657875713,0
2024-01-01 20:05:00,0.3367801713561254,0
2024-01-01 20:06:00,0.3222810575783331,0
2024-01-01 20:07:00,0.6099252684817473,0
2024-01-01 20:08:00,0.4881047871037302,0
2024-01-01 20:09:00,0.4988270199355809,0
2024-01-01 20:10:00,0.47266617529158644,0
2024-01-01 20:11:00,0.6747516462740369,0
2024-01-01 20:12:00,0.6354695349786138,0
2024-01-01 20:13:00,0.6408705990010677,0
2024-01-01 20:14:00,0.439218507567554,0
2024-01-01 20:15:00,0.6416510457479943,0
2024-01-01 20:16:00,0.39048735450337524,0
2024-01-01 20:17:00,0.6960707451194675,0
2024-01-01 20:18:00,0.4571376255506816,0
2024-01-01 20:19:00,0.5676443512681959,0
2024-01-01 20:20:00,0.569412626366029,0
2024-01-01 20:21:00,0.6222249197020763,0
2024-01-01 20:22:00,0.48290401099733127,0
2024-01-01 20:23:00,0.4705513806609697,0
2024-01-01 20:24:00,0.386273633597491,0
2024-01-01 20:25:00,0.37404177996940474,0
2024-01-01 20:26:00,0.3601609764438678,0
2024-01-01 20:27:00,0.5789349619413278,0
2024-01-01 20:28:00,0.409794139918088,0
2024-01-01 20:29:00,0.40418020505411656,0
2024-01-01 20:30:00,0.6048542148791821,0
2024-01-01 20:31:00,0.6437031496739372,0
2024-01-01 20:32:00,0.3380920512983405,0
2024-01-01 20:33:00,0.5469016219900225,0
2024-01-01 20:34:00,0.7401671192066633,1
2024-01-01 20:35:00,0.4977485125031029,0
2024-01-01 20:36:00,0.323658782182858,0
2024-01-01 20:37:00,0.335357619354643,0
2024-01-01 20:38:00,0.6819867985980422,0
2024-01-01 20:39:00,0.6457304716041254,0
2024-01-01 20:40:00,0.32090688988030214,0
2024-01-01 20:41:00,0.5225589630434229,0
2024-01-01 20:42:00,0.5715544627958846,0
2024-01-01 20:43:00,0.38815315764611824,0
2024-01-01 20:44:00,0.541505472366052,0
2024-01-01 20:45:00,0.3740133180299463,0
2024-01-01 20:46:00,0.3394081041273492,0
2024-01-01 20:47:00,0.5743025352087813,0
2024-01-01 20:48:00,0.6531391373997841,0
2024-01-01 20:49:00,0.6418285753569828,0
2024-01-01 20:50:00,0.348868647540977,0
2024-01-01 20:51:00,0.3574472167458517,0
2024-01-01 20:52:00,0.4161332376231594,0
2024-01-01 20:53:00,0.328135649310885,0
2024-01-01 20:54:00,0.6389362155632871,0
2024-01-01 20:55:00,0.6918944780755394,0
2024-01-01 20:56:00,0.7305817234366064,1
2024-01-01 20:57:00,0.3485990174445483,0
2024-01-01 20:58:00,0.6393337592781027,0
2024-01-01 20:59:00,0.42902221328031676,0
2024-01-01 21:00:00,0.5865681260255405,0
2024-01-01 21:01:00,0.5164216933301149,0
2024-01-01 21:02:00,0.4971486389465126,0
2024-01-01 21:03:00,0.6143316366078608,0
2024-01-01 21:04:00,0.5278126003326057,0
2024-01-01 21:05:00,0.7430613489150855,1
2024-01-01 21:06:00,0.43041486040694,0
2024-01-01 21:07:00,0.578249364888759,0
2024-01-01 21:08:00,0.6113135582770874,0
2024-01-01 21:09:00,0.5589643829810147,0
2024-01-01 21:10:00,0.6451322135590769,0
2024-01-01 21:11:00,0.4111129829022782,0
2024-01-01 21:12:00,0.4545441837142359,0
2024-01-01 21:13:00,0.49854175735521644,0
2024-01-01 21:14:00,0.3692609304706296,0
2024-01-01 21:15:00,0.48297572122868815,0
2024-01-01 21:16:00,0.43688661352519015,0
2024-01-01 21:17:00,0.3494101867462831,0
2024-01-01 21:18:00,0.7166721027739984,1
2024-01-01 21:19:00,0.35364921702325214,0
2024-01-01 21:20:00,0.36197311455143083,0
2024-01-01 21:21:00,0.633876286638046,0
2024-01-01 21:22:00,0.4907594928621257,0
2024-01-01 21:23:00,0.45277395850121027,0
2024-01-01 21:24:00,0.4086745662202482,0
2024-01-01 21:25:00,0.39600217105585445,0
2024-01-01 21:26:00,0.3765819554777931,0
2024-01-01 21:27:00,0.5723398070794761,0
2024-01-01 21:28:00,0.5517531824032246,0
2024-01-01 21:29:00,0.6925183105385198,0
2024-01-01 21:30:00,0.5110120667448952,0
2024-01-01 21:31:00,0.37750739369233505,0
2024-01-01 21:32:00,0.6884054603262348,0
2024-01-01 21:33:00,0.6853708721862056,0
2024-01-01 21:34:00,0.3013404107340469,0
2024-01-01 21:35:00,0.5490511493246455,0
2024-01-01 21:36:00,0.5924673178885076,0
2024-01-01 21:37:00,0.5833335083935389,0
2024-01-01 21:38:00,0.5905605909665606,0
2024-01-01 21:39:00,0.40172014467682005,0
2024-01-01 21:40:00,0.35572967818726314,0
2024-01-01 21:41:00,0.573957632648554,0
2024-01-01 21:42:00,0.42717205109456885,0
2024-01-01 21:43:00,0.6918810303028711,0
2024-01-01 21:44:00,0.5889978018721131,0
2024-01-01 21:45:00,0.5030966507035677,0
2024-01-01 21:46:00,0.37660235282991805,0
2024-01-01 21:47:00,0.6829471479158937,0
2024-01-01 21:48:00,0.6789380913350254,0
2024-01-01 21:49:00,0.4058985200017989,0
2024-01-01 21:50:00,0.3781133929360511,0
2024-01-01 21:51:00,0.32028124162841254,0
2024-01-01 21:52:00,0.6200379209027937,0
2024-01-01 21:53:00,0.6157691218914692,0
2024-01-01 21:54:00,0.5984330740502136,0
2024-01-01 21:55:00,0.6272893044082861,0
2024-01-01 21:56:00,0.6788976017869282,0
2024-01-01 21:57:00,0.4821118962773645,0
2024-01-01 21:58:00,0.49752366604385734,0
2024-01-01 21:59:00,0.37415372329868657,0
2024-01-01 22:00:00,0.35259212040785215,0
2024-01-01 22:01:00,0.5581509401267664,0
2024-01-01 22:02:00,0.6447856007746433,0
2024-01-01 22:03:00,0.30842327109923223,0
2024-01-01 22:04:00,0.30679531467326987,0
2024-01-01 22:05:00,0.33089567725588465,0
2024-01-01 22:06:00,0.6426403128546855,0
2024-01-01 22:07:00,0.6905878925948445,0
2024-01-01 22:08:00,0.4750592158086584,0
2024-01-01 22:09:00,0.5794432532160152,0
2024-01-01 22:10:00,0.3250142258455662,0
2024-01-01 22:11:00,0.5723296522239227,0
2024-01-01 22:12:00,0.47377057374037823,0
2024-01-01 22:13:00,0.4739090851744157,0
2024-01-01 22:14:00,0.35873852437593495,0
2024-01-01 22:15:00,0.3123511425094223,0
2024-01-01 22:16:00,0.5205438348421403,0
2024-01-01 22:17:00,0.39883607522003445,0
2024-01-01 22:18:00,0.6720821911907203,0
2024-01-01 22:19:00,0.3997997091018645,0
2024-01-01 22:20:00,0.705010406063068,1
2024-01-01 22:21:00,0.5186660137274538,0
2024-01-01 22:22:00,0.5417824897518805,0
2024-01-01 22:23:00,0.349965331807128,0
2024-01-01 22:24:00,0.5647967954472594,0
2024-01-01 22:25:00,0.7052401064198572,1
2024-01-01 22:26:00,0.7327122726751366,1
2024-01-01 22:27:00,0.539302072049402,0
2024-01-01 22:28:00,0.3245997652334028,0
2024-01-01 22:29:00,0.3139466322394777,0
2024-01-01 22:30:00,0.7060338648990286,1
2024-01-01 22:31:00,0.49669332413584555,0
2024-01-01 22:32:00,0.5269858645264247,0
2024-01-01 22:33:00,0.4524397050035441,0
2024-01-01 22:34:00,0.6430724083799683,0
2024-01-01 22:35:00,0.4484220407914321,0
2024-01-01 22:36:00,0.3720073531967474,0
2024-01-01 22:37:00,0.5107549892221636,0
2024-01-01 22:38:00,0.3765420246476389,0
2024-01-01 22:39:00,0.3875013378806566,0
2024-01-01 22:40:00,0.6689774134853971,0
2024-01-01 22:41:00,0.4171935751680318,0
2024-01-01 22:42:00,0.5273545987188725,0
2024-01-01 22:43:00,0.558949815754448,0
2024-01-01 22:44:00,0.47269207644155875,0
2024-01-01 22:45:00,0.623819725117235,0
2024-01-01 22:46:00,0.3963983941755649,0
2024-01-01 22:47:00,0.6868179094608833,0
2024-01-01 22:48:00,0.33708857910555706,0
2024-01-01 22:49:00,0.546582802953368,0
2024-01-01 22:50:00,0.7157828089072328,1
2024-01-01 22:51:00,0.3588311688914536,0
2024-01-01 22:52:00,0.4105805900943109,0
2024-01-01 22:53:00,0.5723789163537489,0
2024-01-01 22:54:00,0.36434779089888236,0
2024-01-01 22:55:00,0.6733670257433246,0
2024-01-01 22:56:00,0.3615745549192243,0
2024-01-01 22:57:00,0.4277462300502346,0
2024-01-01 22:58:00,0.7124433078248823,1
2024-01-01 22:59:00,0.3197608559047347,0
2024-01-01 23:00:00,0.3418721842818067,0
2024-01-01 23:01:00,0.3407120295345894,0
2024-01-01 23:02:00,0.5452857234095092,0
2024-01-01 23:03:00,0.5145549656026684,0
2024-01-01 23:04:00,0.7241923038297912,1
2024-01-01 23:05:00,0.6199045339613027,0
2024-01-01 23:06:00,0.670205241928547,0
2024-01-01 23:07:00,0.3235430671759624,0
2024-01-01 23:08:00,0.3620929246542016,0
2024-01-01 23:09:00,0.5284505577273697,0
2024-01-01 23:10:00,0.5598827419532071,0
2024-01-01 23:11:00,0.7327433153076122,1
2024-01-01 23:12:00,0.5605286458701368,0
2024-01-01 23:13:00,0.5905028774716194,0
2024-01-01 23:14:00,0.3709229004650245,0
2024-01-01 23:15:00,0.6212650357513916,0
2024-01-01 23:16:00,0.555833876924469,0
2024-01-01 23:17:00,0.4410892707996361,0
2024-01-01 23:18:00,0.31691374210748985,0
2024-01-01 23:19:00,0.7404441685902728,1
2024-01-01 23:20:00,0.37306646966088625,0
2024-01-01 23:21:00,0.5814970719858208,0
2024-01-01 23:22:00,0.6376803773019915,0
2024-01-01 23:23:00,0.40688487017962655,0
2024-01-01 23:24:00,0.5775331236522478,0
2024-01-01 23:25:00,0.5371802948285188,0
2024-01-01 23:26:00,0.33964017842242544,0
2024-01-01 23:27:00,0.396416009434599,0
2024-01-01 23:28:00,0.5568307035822915,0
2024-01-01 23:29:00,0.4069618769304154,0
2024-01-01 23:30:00,0.5568353192368485,0
2024-01-01 23:31:00,0.3773939443865467,0
2024-01-01 23:32:00,0.6195958210920358,0
2024-01-01 23:33:00,0.6860474878219083,0
2024-01-01 23:34:00,0.4254087621378486,0
2024-01-01 23:35:00,0.371535514194425,0
2024-01-01 23:36:00,0.556272963882122,0
2024-01-01 23:37:00,0.42444976069722595,0
2024-01-01 23:38:00,0.40640383054566737,0
2024-01-01 23:39:00,0.49890594316684544,0
2024-01-01 23:40:00,0.3841132989562337,0
2024-01-01 23:41:00,0.6420141966908879,0
2024-01-01 23:42:00,0.4611704531965516,0
2024-01-01 23:43:00,0.7152931013090144,1
2024-01-01 23:44:00,0.313599606076038,0
2024-01-01 23:45:00,0.6711469009163362,0
2024-01-01 23:46:00,0.37249738867680937,0
2024-01-01 23:47:00,0.5989331084010554,0
2024-01-01 23:48:00,0.6811579414506612,0
2024-01-01 23:49:00,0.6876928037256653,0
2024-01-01 23:50:00,0.506028831815157,0
2024-01-01 23:51:00,0.3466809854009224,0
2024-01-01 23:52:00,0.3398134116605626,0
2024-01-01 23:53:00,0.6171232956972128,0
2024-01-01 23:54:00,0.5270126446674236,0
2024-01-01 23:55:00,0.5802872880330734,0
2024-01-01 23:56:00,0.47680382246063724,0
2024-01-01 23:57:00,0.4171496349989296,0
2024-01-01 23:58:00,0.7232210343945236,1
2024-01-01 23:59:00,0.402419313663022,0
