timestamp,kpi
2024-01-01 00:00:00,0.249816047538945
2024-01-01 00:01:00,0.4802857225639665
2024-01-01 00:02:00,0.39279757672456206
2024-01-01 00:03:00,0.3394633936788146
2024-01-01 00:04:00,0.9624444008529989
2024-01-01 00:05:00,0.16239780813448107
2024-01-01 00:06:00,0.12323344486727979
2024-01-01 00:07:00,0.4464704583099741
2024-01-01 00:08:00,0.7434862101668054
2024-01-01 00:09:00,0.3832290311184182
2024-01-01 00:10:00,0.873046888489361
2024-01-01 00:11:00,0.4879639408647978
2024-01-01 00:12:00,0.4329770563201687
2024-01-01 00:13:00,0.18493564427131048
2024-01-01 00:14:00,0.17272998688284025
2024-01-01 00:15:00,0.17336180394137352
2024-01-01 00:16:00,0.2216968971838151
2024-01-01 00:17:00,0.9357353969424009
2024-01-01 00:18:00,0.2727780074568463
2024-01-01 00:19:00,0.21649165607921678
2024-01-01 00:20:00,0.34474115788895177
2024-01-01 00:21:00,0.15579754426081674
2024-01-01 00:22:00,0.21685785941408728
2024-01-01 00:23:00,0.7797398968158569
2024-01-01 00:24:00,0.8961904527814076
2024-01-01 00:25:00,0.41407038455720546
2024-01-01 00:26:00,0.1798695128633439
2024-01-01 00:27:00,0.3056937753654446
2024-01-01 00:28:00,0.33696582754481696
2024-01-01 00:29:00,0.1185801650879991
2024-01-01 00:30:00,0.34301794076057535
2024-01-01 00:31:00,0.16820964947491662
2024-01-01 00:32:00,0.6571401149203354
2024-01-01 00:33:00,0.4795542149013333
2024-01-01 00:34:00,0.4862528132298237
2024-01-01 00:35:00,0.4233589392465845
2024-01-01 00:36:00,0.2218455076693483
2024-01-01 00:37:00,0.13906884560255356
2024-01-01 00:38:00,0.3736932106048628
2024-01-01 00:39:00,0.27606099749584057
2024-01-01 00:40:00,0.14881529393791154
2024-01-01 00:41:00,0.29807076404450805
2024-01-01 00:42:00,0.11375540844608736
2024-01-01 00:43:00,0.4637281608315128
2024-01-01 00:44:00,0.20351199264000677
2024-01-01 00:45:00,0.36500891374159283
2024-01-01 00:46:00,0.2246844304357644
2024-01-01 00:47:00,0.3080272084711243
2024-01-01 00:48:00,0.31868411173731187
2024-01-01 00:49:00,0.17394178221021084
2024-01-01 00:50:00,0.48783385110582345
2024-01-01 00:51:00,0.8041729956016929
2024-01-01 00:52:00,0.7085637521786857
2024-01-01 00:53:00,0.7124017995634855
2024-01-01 00:54:00,0.3391599915244341
2024-01-01 00:55:00,0.4687496940092467
2024-01-01 00:56:00,0.1353970008207678
2024-01-01 00:57:00,0.1783931449676581
2024-01-01 00:58:00,0.11809091556421523
2024-01-01 00:59:00,0.23013213230530574
2024-01-01 01:00:00,0.25547091587579285
2024-01-01 01:01:00,0.20853961270955837
2024-01-01 01:02:00,0.43149500366077176
2024-01-01 01:03:00,0.2427013306774357
2024-01-01 01:04:00,0.2123738038749523
2024-01-01 01:05:00,0.31707843326329943
2024-01-01 01:06:00,0.15636968998990508
2024-01-01 01:07:00,0.42087879230161584
2024-01-01 01:08:00,0.12982025747190834
2024-01-01 01:09:00,0.4947547746402069
2024-01-01 01:10:00,0.7115039489658213
2024-01-01 01:11:00,0.17948627261366898
2024-01-01 01:12:00,0.10220884684944097
2024-01-01 01:13:00,0.42618457138193366
2024-01-01 01:14:00,0.38274293753904687
2024-01-01 01:15:00,0.3916028672163949
2024-01-01 01:16:00,0.7104678231283598
2024-01-01 01:17:00,0.12961786069363615
2024-01-01 01:18:00,0.24338629141770907
2024-01-01 01:19:00,0.649168271386155
2024-01-01 01:20:00,0.4452413703502375
2024-01-01 01:21:00,0.3493192507310232
2024-01-01 01:22:00,0.23235920994105969
2024-01-01 01:23:00,0.12542334011440948
2024-01-01 01:24:00,0.2243929286862649
2024-01-01 01:25:00,0.23007332881069884
2024-01-01 01:26:00,0.39184247133522565
2024-01-01 01:27:00,0.35502298854208525
2024-01-01 01:28:00,0.4548850970305306
2024-01-01 01:29:00,0.28888597006477973
2024-01-01 01:30:00,0.14783769837532068
2024-01-01 01:31:00,0.38529791488919807
2024-01-01 01:32:00,0.40431401944675904
2024-01-01 01:33:00,0.3245108790277985
2024-01-01 01:34:00,0.40838687198182444
2024-01-01 01:35:00,0.9991283422727912
2024-01-01 01:36:00,0.3090931317527976
2024-01-01 01:37:00,0.27101640734341986
2024-01-01 01:38:00,0.11016765069763808
2024-01-01 01:39:00,0.1431565707973218
2024-01-01 01:40:00,0.11257167427469371
2024-01-01 01:41:00,0.3545641645055122
2024-01-01 01:42:00,0.22574239243053068
2024-01-01 01:43:00,0.3034282764658811
2024-01-01 01:44:00,0.4630265895704372
2024-01-01 01:45:00,0.19971689165954998
2024-01-01 01:46:00,0.2641531692142519
2024-01-01 01:47:00,0.4022204554172195
2024-01-01 01:48:00,0.191519266196649
2024-01-01 01:49:00,0.1307919639315172
2024-01-01 01:50:00,0.21590058116550723
2024-01-01 01:51:00,0.16448851490160177
2024-01-01 01:52:00,0.47187906093702925
2024-01-01 01:53:00,0.4232481518257668
2024-01-01 01:54:00,0.35336150260416943
2024-01-01 01:55:00,0.44858423607508713
2024-01-01 01:56:00,0.4214688307596458
2024-01-01 01:57:00,0.17462802355441434
2024-01-01 01:58:00,0.45702359939599113
2024-01-01 01:59:00,0.31573689676626027
2024-01-01 02:00:00,0.422976062065625
2024-01-01 02:01:00,0.45843651996939727
2024-01-01 02:02:00,0.9829792076152385
2024-01-01 02:03:00,0.1440207698110707
2024-01-01 02:04:00,0.1911740650167767
2024-01-01 02:05:00,0.27084311545050255
2024-01-01 02:06:00,0.42720590636899725
2024-01-01 02:07:00,0.4442922333025374
2024-01-01 02:08:00,0.10278085221247629
2024-01-01 02:09:00,0.3042989210310263
2024-01-01 02:10:00,0.2669644012595116
2024-01-01 02:11:00,0.1888431241882921
2024-01-01 02:12:00,0.7950511238668844
2024-01-01 02:13:00,0.2350460685614512
2024-01-01 02:14:00,0.9716912214527416
2024-01-01 02:15:00,0.2292811728083021
2024-01-01 02:16:00,0.30751624869734645
2024-01-01 02:17:00,0.38120758355807116
2024-01-01 02:18:00,0.2454518409517176
2024-01-01 02:19:00,0.605726111066824
2024-01-01 02:20:00,0.48497891797684456
2024-01-01 02:21:00,0.20071291833014568
2024-01-01 02:22:00,0.2988994023569542
2024-01-01 02:23:00,0.22035132392670786
2024-01-01 02:24:00,0.8413972384173515
2024-01-01 02:25:00,0.11475477894181313
2024-01-01 02:26:00,0.3438257335919588
2024-01-01 02:27:00,0.30107160929154464
2024-01-01 02:28:00,0.12059150049999574
2024-01-01 02:29:00,0.2114585856946446
2024-01-01 02:30:00,0.8828345909066793
2024-01-01 02:31:00,0.19582475626678897
2024-01-01 02:32:00,0.15795794883648925
2024-01-01 02:33:00,0.2957811041110252
2024-01-01 02:34:00,0.49426018164424035
2024-01-01 02:35:00,0.19682210860460017
2024-01-01 02:36:00,0.3688542189623515
2024-01-01 02:37:00,0.4046478461314871
2024-01-01 02:38:00,0.19505501759695987
2024-01-01 02:39:00,0.3912865394447439
2024-01-01 02:40:00,0.2471132530877013
2024-01-01 02:41:00,0.35292233223743186
2024-01-01 02:42:00,0.3534118843043579
2024-01-01 02:43:00,0.31430987362990337
2024-01-01 02:44:00,0.13611590802176332
2024-01-01 02:45:00,0.43412099823569517
2024-01-01 02:46:00,0.22831202598869435
2024-01-01 02:47:00,0.1746074041599417
2024-01-01 02:48:00,0.11631005662190558
2024-01-01 02:49:00,0.895147807424612
2024-01-01 02:50:00,0.6307448301104653
2024-01-01 02:51:00,0.10663513157114246
2024-01-01 02:52:00,0.3048372233197124
2024-01-01 02:53:00,0.1905983100791752
2024-01-01 02:54:00,0.35806911616378
2024-01-01 02:55:00,0.16974657160199658
2024-01-01 02:56:00,0.37637509524098645
2024-01-01 02:57:00,0.25469413852021494
2024-01-01 02:58:00,0.4746919954946939
2024-01-01 02:59:00,0.1550083776583973
2024-01-01 03:00:00,0.23642654042010341
2024-01-01 03:01:00,0.14538940849623563
2024-01-01 03:02:00,0.4698774473114251
2024-01-01 03:03:00,0.45093574135239245
2024-01-01 03:04:00,0.762842595650251
2024-01-01 03:05:00,0.3639936184136716
2024-01-01 03:06:00,0.8210003869631557
2024-01-01 03:07:00,0.322080324639785
2024-01-01 03:08:00,0.3118602313424026
2024-01-01 03:09:00,0.19674091636018068
2024-01-01 03:10:00,0.1372411071223597
2024-01-01 03:11:00,0.4588863031813307
2024-01-01 03:12:00,0.9178062177962995
2024-01-01 03:13:00,0.35324058290930715
2024-01-01 03:14:00,0.9383685758710929
2024-01-01 03:15:00,0.23968382984506437
2024-01-01 03:16:00,0.3903822715480958
2024-01-01 03:17:00,0.4588441039810308
2024-01-01 03:18:00,0.45483456970604697
2024-01-01 03:19:00,0.41195021834304957
2024-01-01 03:20:00,0.35681265846171517
2024-01-01 03:21:00,0.13365598599801953
2024-01-01 03:22:00,0.1646514856378455
2024-01-01 03:23:00,0.4594216754108317
2024-01-01 03:24:00,0.342571623863836
2024-01-01 03:25:00,0.10367882064665186
2024-01-01 03:26:00,0.14058861714641285
2024-01-01 03:27:00,0.3654007076432223
2024-01-01 03:28:00,0.10202463353848748
2024-01-01 03:29:00,0.16432322056699947
2024-01-01 03:30:00,0.3194935157466344
2024-01-01 03:31:00,0.37675807907707737
2024-01-01 03:32:00,0.3607845038010402
2024-01-01 03:33:00,0.18970772378422393
2024-01-01 03:34:00,0.3848716885390143
2024-01-01 03:35:00,0.19489963499872004
2024-01-01 03:36:00,0.2301598792637071
2024-01-01 03:37:00,0.3985965620472097
2024-01-01 03:38:00,0.35985315961888587
2024-01-01 03:39:00,0.43968936419767124
2024-01-01 03:40:00,0.3630451569201374
2024-01-01 03:41:00,0.32732344133418867
2024-01-01 03:42:00,0.137469907131237
2024-01-01 03:43:00,0.24708632122377341
2024-01-01 03:44:00,0.2060809470726902
2024-01-01 03:45:00,0.19759585735163343
2024-01-01 03:46:00,0.48920422190097823
2024-01-01 03:47:00,0.2572390898667042
2024-01-01 03:48:00,0.45681862207084534
2024-01-01 03:49:00,0.35245545039890513
2024-01-01 03:50:00,0.41792452141665937
2024-01-01 03:51:00,0.3010548372420768
2024-01-01 03:52:00,0.3307615538505436
2024-01-01 03:53:00,0.29700707752754557
2024-01-01 03:54:00,0.17809719511921782
2024-01-01 03:55:00,0.38898084610460215
2024-01-01 03:56:00,0.21230894497634234
2024-01-01 03:57:00,0.10972638657258155
2024-01-01 03:58:00,0.35818891836286715
2024-01-01 03:59:00,0.17084427176281958
2024-01-01 04:00:00,0.4761834337411658
2024-01-01 04:01:00,0.4815714308010349
2024-01-01 04:02:00,0.46594575608817945
2024-01-01 04:03:00,0.24806348010217777
2024-01-01 04:04:00,0.10618264661154697
2024-01-01 04:05:00,0.4713274250350902
2024-01-01 04:06:00,0.2712736593269257
2024-01-01 04:07:00,0.48666192761746785
2024-01-01 04:08:00,0.4854479908357011
2024-01-01 04:09:00,0.441203782186944
2024-01-01 04:10:00,0.2177795568278343
2024-01-01 04:11:00,0.2540390914407701
2024-01-01 04:12:00,0.44045466860674276
2024-01-01 04:13:00,0.22676880206251107
2024-01-01 04:14:00,0.16779709867443698
2024-01-01 04:15:00,0.32272050498334004
2024-01-01 04:16:00,0.47446190966431245
2024-01-01 04:17:00,0.7198262711815495
2024-01-01 04:18:00,0.32802446803574603
2024-01-01 04:19:00,0.13887059750830744
2024-01-01 04:20:00,0.34600289067966794
2024-01-01 04:21:00,0.4960215400417053
2024-01-01 04:22:00,0.15603360609460962
2024-01-01 04:23:00,0.3073318609454947
2024-01-01 04:24:00,0.45094922877118215
2024-01-01 04:25:00,0.39630744710168175
2024-01-01 04:26:00,0.37880629639810726
2024-01-01 04:27:00,0.38099363359484373
2024-01-01 04:28:00,0.24379646048790207
2024-01-01 04:29:00,0.21743673770579736
2024-01-01 04:30:00,0.4237444621914055
2024-01-01 04:31:00,0.4240453578716723
2024-01-01 04:32:00,0.4468289274320415
2024-01-01 04:33:00,0.4652962210225885
2024-01-01 04:34:00,0.3045369595443751
2024-01-01 04:35:00,0.30060651787487985
2024-01-01 04:36:00,0.4193180715867101
2024-01-01 04:37:00,0.35998557231110606
2024-01-01 04:38:00,0.38078675090308134
2024-01-01 04:39:00,0.6264039376560966
2024-01-01 04:40:00,0.4560021367270265
2024-01-01 04:41:00,0.23519806274061433
2024-01-01 04:42:00,0.2502331810559776
2024-01-01 04:43:00,0.1375927759363476
2024-01-01 04:44:00,0.9705530426920347
2024-01-01 04:45:00,0.11437690951869683
2024-01-01 04:46:00,0.2862392072529841
2024-01-01 04:47:00,0.31705785388303065
2024-01-01 04:48:00,0.21461650085131379
2024-01-01 04:49:00,0.3363333042276043
2024-01-01 04:50:00,0.11220009997561978
2024-01-01 04:51:00,0.11493927549968577
2024-01-01 04:52:00,0.42904022426386335
2024-01-01 04:53:00,0.24407625656450516
2024-01-01 04:54:00,0.15082420506075392
2024-01-01 04:55:00,0.3088973040219217
2024-01-01 04:56:00,0.4079974212394444
2024-01-01 04:57:00,0.1863284109987373
2024-01-01 04:58:00,0.9064463731182345
2024-01-01 04:59:00,0.8827905949822865
2024-01-01 05:00:00,0.12067268846744308
2024-01-01 05:01:00,0.3125418526272592
2024-01-01 05:02:00,0.3162540486440426
2024-01-01 05:03:00,0.3549719605992826
2024-01-01 05:04:00,0.3904365334890646
2024-01-01 05:05:00,0.49034083178501386
2024-01-01 05:06:00,0.30652013932047817
2024-01-01 05:07:00,0.2291825891764984
2024-01-01 05:08:00,0.41807447790748153
2024-01-01 05:09:00,0.8770129726148432
2024-01-01 05:10:00,0.2755885682822544
2024-01-01 05:11:00,0.1313825525369064
2024-01-01 05:12:00,0.11014029736618301
2024-01-01 05:13:00,0.48505936587117005
2024-01-01 05:14:00,0.4343920482048823
2024-01-01 05:15:00,0.37838968243747917
2024-01-01 05:16:00,0.263581177765708
2024-01-01 05:17:00,0.16931772802833833
2024-01-01 05:18:00,0.1625748170684344
2024-01-01 05:19:00,0.20009715926583815
2024-01-01 05:20:00,0.3196906658824482
2024-01-01 05:21:00,0.385838369080025
2024-01-01 05:22:00,0.3640789506870925
2024-01-01 05:23:00,0.21197355877837715
2024-01-01 05:24:00,0.4819461122652776
2024-01-01 05:25:00,0.3951587666783074
2024-01-01 05:26:00,0.3217416210045603
2024-01-01 05:27:00,0.34468829849374094
2024-01-01 05:28:00,0.267840024971116
2024-01-01 05:29:00,0.199092395800463
2024-01-01 05:30:00,0.24238907146050465
2024-01-01 05:31:00,0.4031384441857476
2024-01-01 05:32:00,0.10575739545190235
2024-01-01 05:33:00,0.1464290562027665
2024-01-01 05:34:00,0.11840105680870111
2024-01-01 05:35:00,0.11629152092758806
2024-01-01 05:36:00,0.44218423360440295
2024-01-01 05:37:00,0.3814631437520095
2024-01-01 05:38:00,0.2896695316349301
2024-01-01 05:39:00,0.1391336642604006
2024-01-01 05:40:00,0.29664635004673295
2024-01-01 05:41:00,0.2893887083122263
2024-01-01 05:42:00,0.16928074796400608
2024-01-01 05:43:00,0.27354065969518926
2024-01-01 05:44:00,0.2594018937589494
2024-01-01 05:45:00,0.6842819855468812
2024-01-01 05:46:00,0.3540374603470575
2024-01-01 05:47:00,0.11812160390881782
2024-01-01 05:48:00,0.2498450458505885
2024-01-01 05:49:00,0.35034396628569453
2024-01-01 05:50:00,0.3012545034320351
2024-01-01 05:51:00,0.4425959364753289
2024-01-01 05:52:00,0.363477452647578
2024-01-01 05:53:00,0.1651737708325719
2024-01-01 05:54:00,0.12822749896017194
2024-01-01 05:55:00,0.35696771128252625
2024-01-01 05:56:00,0.11060452421664874
2024-01-01 05:57:00,0.3343102325093853
2024-01-01 05:58:00,0.4760920965699831
2024-01-01 05:59:00,0.3301896711503516
2024-01-01 06:00:00,0.25526797048260874
2024-01-01 06:01:00,0.3573152873769413
2024-01-01 06:02:00,0.9075691128430564
2024-01-01 06:03:00,0.318246715726374
2024-01-01 06:04:00,0.47658592351061013
2024-01-01 06:05:00,0.2544410551203097
2024-01-01 06:06:00,0.4844762255295657
2024-01-01 06:07:00,0.46214025678242554
2024-01-01 06:08:00,0.1783164539157186
2024-01-01 06:09:00,0.1277445203500662
2024-01-01 06:10:00,0.14031120055097068
2024-01-01 06:11:00,0.1072887302606199
2024-01-01 06:12:00,0.13777718430237137
2024-01-01 06:13:00,0.37320270936654276
2024-01-01 06:14:00,0.1284754593840916
2024-01-01 06:15:00,0.22759025211750453
2024-01-01 06:16:00,0.4379501243877818
2024-01-01 06:17:00,0.10930877429433035
2024-01-01 06:18:00,0.42578739303557434
2024-01-01 06:19:00,0.21274190990935998
2024-01-01 06:20:00,0.1472659310486625
2024-01-01 06:21:00,0.3786948661456603
2024-01-01 06:22:00,0.3515771387119536
2024-01-01 06:23:00,0.4509888054108212
2024-01-01 06:24:00,0.3940284175215544
2024-01-01 06:25:00,0.42139237215393943
2024-01-01 06:26:00,0.2128138290285226
2024-01-01 06:27:00,0.17097581751188912
2024-01-01 06:28:00,0.40024590065634336
2024-01-01 06:29:00,0.42273389570690567
2024-01-01 06:30:00,0.4962020568002693
2024-01-01 06:31:00,0.7181161976191773
2024-01-01 06:32:00,0.24880723431711327
2024-01-01 06:33:00,0.4105651842967988
2024-01-01 06:34:00,0.23632141610120716
2024-01-01 06:35:00,0.4723029302414259
2024-01-01 06:36:00,0.4433651007372047
2024-01-01 06:37:00,0.9915924460699236
2024-01-01 06:38:00,0.400348427116599
2024-01-01 06:39:00,0.40181714963387294
2024-01-01 06:40:00,0.14124954753437305
2024-01-01 06:41:00,0.4610211626718267
2024-01-01 06:42:00,0.8012335803119346
2024-01-01 06:43:00,0.8750888169722242
2024-01-01 06:44:00,0.2280198404122447
2024-01-01 06:45:00,0.4582092913984802
2024-01-01 06:46:00,0.25568067149366525
2024-01-01 06:47:00,0.10433506059211935
2024-01-01 06:48:00,0.46215279056770553
2024-01-01 06:49:00,0.13651467071445345
2024-01-01 06:50:00,0.22772545503616595
2024-01-01 06:51:00,0.480024786820322
2024-01-01 06:52:00,0.4802428587750225
2024-01-01 06:53:00,0.3293751552493145
2024-01-01 06:54:00,0.3527348848679197
2024-01-01 06:55:00,0.2793782087913279
2024-01-01 06:56:00,0.21728430867922582
2024-01-01 06:57:00,0.2314658181479664
2024-01-01 06:58:00,0.36900738243081543
2024-01-01 06:59:00,0.40094981177507205
2024-01-01 07:00:00,0.4166316174903394
2024-01-01 07:01:00,0.41584725711782156
2024-01-01 07:02:00,0.13648244121947617
2024-01-01 07:03:00,0.29776812188103263
2024-01-01 07:04:00,0.12302350400665772
2024-01-01 07:05:00,0.31981155292949426
2024-01-01 07:06:00,0.2766122005493508
2024-01-01 07:07:00,0.45508167310331993
2024-01-01 07:08:00,0.2403660050208315
2024-01-01 07:09:00,0.14682680657104236
2024-01-01 07:10:00,0.15719667282113436
2024-01-01 07:11:00,0.40460425268698896
2024-01-01 07:12:00,0.6537740517632488
2024-01-01 07:13:00,0.14044907044911611
2024-01-01 07:14:00,0.13364272244599898
2024-01-01 07:15:00,0.38038765258364804
2024-01-01 07:16:00,0.12910520254567742
2024-01-01 07:17:00,0.4287440237161425
2024-01-01 07:18:00,0.3824968908625985
2024-01-01 07:19:00,0.13253951225675992
2024-01-01 07:20:00,0.13393508563407677
2024-01-01 07:21:00,0.4946558314004702
2024-01-01 07:22:00,0.24970831830244813
2024-01-01 07:23:00,0.24825685882675638
2024-01-01 07:24:00,0.4251198269030011
2024-01-01 07:25:00,0.4788994309535435
2024-01-01 07:26:00,0.4944004255291484
2024-01-01 07:27:00,0.4013512741035766
2024-01-01 07:28:00,0.2505038342123663
2024-01-01 07:29:00,0.13340028667946752
2024-01-01 07:30:00,0.41085876637097474
2024-01-01 07:31:00,0.32336169989432206
2024-01-01 07:32:00,0.26968880369879056
2024-01-01 07:33:00,0.46254175403789444
2024-01-01 07:34:00,0.14447899292246055
2024-01-01 07:35:00,0.29705004171634364
2024-01-01 07:36:00,0.10454145790696763
2024-01-01 07:37:00,0.9013711689027877
2024-01-01 07:38:00,0.12252131027273494
2024-01-01 07:39:00,0.14752716650722877
2024-01-01 07:40:00,0.14701049871084196
2024-01-01 07:41:00,0.3596841208464254
2024-01-01 07:42:00,0.39841795170616934
2024-01-01 07:43:00,0.863416206268022
2024-01-01 07:44:00,0.48486901938981675
2024-01-01 07:45:00,0.24994823180948164
2024-01-01 07:46:00,0.2142848345127443
2024-01-01 07:47:00,0.4474396512757841
2024-01-01 07:48:00,0.18943833540778107
2024-01-01 07:49:00,0.4852890157762445
2024-01-01 07:50:00,0.10486178987592654
2024-01-01 07:51:00,0.48795153068305563
2024-01-01 07:52:00,0.11726396478023045
2024-01-01 07:53:00,0.4564572454792285
2024-01-01 07:54:00,0.3110804436345199
2024-01-01 07:55:00,0.4971859184477202
2024-01-01 07:56:00,0.12951862589415955
2024-01-01 07:57:00,0.3215417137605283
2024-01-01 07:58:00,0.4877210142476396
2024-01-01 07:59:00,0.30923913766805955
2024-01-01 08:00:00,0.351759455254105
2024-01-01 08:01:00,0.3782994755938469
2024-01-01 08:02:00,0.2818164259071093
2024-01-01 08:03:00,0.3510232320336254
2024-01-01 08:04:00,0.3337257247692401
2024-01-01 08:05:00,0.46046320419639564
2024-01-01 08:06:00,0.9215834030210082
2024-01-01 08:07:00,0.21238527583689215
2024-01-01 08:08:00,0.48016459363062347
2024-01-01 08:09:00,0.4561055135563665
2024-01-01 08:10:00,0.2822627011142852
2024-01-01 08:11:00,0.3480530391206147
2024-01-01 08:12:00,0.21095247319245308
2024-01-01 08:13:00,0.17524846388950455
2024-01-01 08:14:00,0.2854793619759929
2024-01-01 08:15:00,0.24134089121042113
2024-01-01 08:16:00,0.3334624447403488
2024-01-01 08:17:00,0.13109385478599395
2024-01-01 08:18:00,0.4897579230664666
2024-01-01 08:19:00,0.4944842977918412
2024-01-01 08:20:00,0.37926468560789806
2024-01-01 08:21:00,0.8890827830792913
2024-01-01 08:22:00,0.2238110465145311
2024-01-01 08:23:00,0.4255180078827795
2024-01-01 08:24:00,0.3738924690215517
2024-01-01 08:25:00,0.1650467757379565
2024-01-01 08:26:00,0.8561904168703376
2024-01-01 08:27:00,0.42901489716926766
2024-01-01 08:28:00,0.4799199653167696
2024-01-01 08:29:00,0.39028780335534397
2024-01-01 08:30:00,0.345366078374316
2024-01-01 08:31:00,0.26729721451624755
2024-01-01 08:32:00,0.4730913933416053
2024-01-01 08:33:00,0.4464255558001634
2024-01-01 08:34:00,0.11808746804247577
2024-01-01 08:35:00,0.11054678979890081
2024-01-01 08:36:00,0.25058534675121985
2024-01-01 08:37:00,0.4242213323127332
2024-01-01 08:38:00,0.4949104517259778
2024-01-01 08:39:00,0.1601667564414113
2024-01-01 08:40:00,0.3376522861408541
2024-01-01 08:41:00,0.2523563426524086
2024-01-01 08:42:00,0.4879657591258413
2024-01-01 08:43:00,0.4368475692542835
2024-01-01 08:44:00,0.43533148188445514
2024-01-01 08:45:00,0.2874772639179881
2024-01-01 08:46:00,0.26592780093506607
2024-01-01 08:47:00,0.20936282877228252
2024-01-01 08:48:00,0.12255019866037085
2024-01-01 08:49:00,0.44588895050202126
2024-01-01 08:50:00,0.425160403652031
2024-01-01 08:51:00,0.49988706931445226
2024-01-01 08:52:00,0.49865473482956213
2024-01-01 08:53:00,0.322172682241051
2024-01-01 08:54:00,0.40759496607220425
2024-01-01 08:55:00,0.4779062919529712
2024-01-01 08:56:00,0.4398589562709646
2024-01-01 08:57:00,0.19893924069727908
2024-01-01 08:58:00,0.28021765412403743
2024-01-01 08:59:00,0.151663766060598
2024-01-01 09:00:00,0.48162041090348895
2024-01-01 09:01:00,0.342469853780352
2024-01-01 09:02:00,0.1914571222013851
2024-01-01 09:03:00,0.3686802737623427
2024-01-01 09:04:00,0.3472512961831583
2024-01-01 09:05:00,0.24326508721313622
2024-01-01 09:06:00,0.1454230368798516
2024-01-01 09:07:00,0.3686292782371199
2024-01-01 09:08:00,0.30812308036151737
2024-01-01 09:09:00,0.40892735669425573
2024-01-01 09:10:00,0.30806540044479735
2024-01-01 09:11:00,0.440872600127416
2024-01-01 09:12:00,0.32076273550979423
2024-01-01 09:13:00,0.3243751886141545
2024-01-01 09:14:00,0.45066144106333805
2024-01-01 09:15:00,0.2613931464849588
2024-01-01 09:16:00,0.6015279690634332
2024-01-01 09:17:00,0.1115130705253356
2024-01-01 09:18:00,0.4020549022694476
2024-01-01 09:19:00,0.3481238205413859
2024-01-01 09:20:00,0.3816319072396894
2024-01-01 09:21:00,0.1851856646035643
2024-01-01 09:22:00,0.1545485902347079
2024-01-01 09:23:00,0.10581786626715278
2024-01-01 09:24:00,0.2402350235226388
2024-01-01 09:25:00,0.3359670747418533
2024-01-01 09:26:00,0.25689761803989297
2024-01-01 09:27:00,0.27498996880949167
2024-01-01 09:28:00,0.4616634777974994
2024-01-01 09:29:00,0.7395282135877917
2024-01-01 09:30:00,0.30559579566392436
2024-01-01 09:31:00,0.41346120509645723
2024-01-01 09:32:00,0.2586171129285081
2024-01-01 09:33:00,0.8707285195429582
2024-01-01 09:34:00,0.4449454834986981
2024-01-01 09:35:00,0.8591269783962113
2024-01-01 09:36:00,0.1588293923716152
2024-01-01 09:37:00,0.4706350500645978
2024-01-01 09:38:00,0.2968465172318153
2024-01-01 09:39:00,0.9336578388002703
2024-01-01 09:40:00,0.28365430249530454
2024-01-01 09:41:00,0.49201303011419084
2024-01-01 09:42:00,0.29704723759714785
2024-01-01 09:43:00,0.2315006441150033
2024-01-01 09:44:00,0.3533603417266903
2024-01-01 09:45:00,0.19605824751127723
2024-01-01 09:46:00,0.1303453312434656
2024-01-01 09:47:00,0.1515518887642597
2024-01-01 09:48:00,0.151218335583109
2024-01-01 09:49:00,0.16076107740491774
2024-01-01 09:50:00,0.15553086905976407
2024-01-01 09:51:00,0.3563498979212859
2024-01-01 09:52:00,0.17275203375965792
2024-01-01 09:53:00,0.2382669133295453
2024-01-01 09:54:00,0.7986781691271786
2024-01-01 09:55:00,0.28958465610514894
2024-01-01 09:56:00,0.36702309540841094
2024-01-01 09:57:00,0.16892794848065196
2024-01-01 09:58:00,0.17691560752346833
2024-01-01 09:59:00,0.11634744650659155
2024-01-01 10:00:00,0.16757402522886583
2024-01-01 10:01:00,0.21143613561278346
2024-01-01 10:02:00,0.17080419371069872
2024-01-01 10:03:00,0.13548101350282227
2024-01-01 10:04:00,0.14825434844024032
2024-01-01 10:05:00,0.7270347181044466
2024-01-01 10:06:00,0.182533487362317
2024-01-01 10:07:00,0.7793276221477689
2024-01-01 10:08:00,0.3013669083419428
2024-01-01 10:09:00,0.37615793145174614
2024-01-01 10:10:00,0.11572485593643958
2024-01-01 10:11:00,0.4197641595636171
2024-01-01 10:12:00,0.35116015579636317
2024-01-01 10:13:00,0.13270361277954879
2024-01-01 10:14:00,0.44943144964271087
2024-01-01 10:15:00,0.4683489602127253
2024-01-01 10:16:00,0.12443118394194551
2024-01-01 10:17:00,0.2107510592588815
2024-01-01 10:18:00,0.4224805119172246
2024-01-01 10:19:00,0.3993038761534634
2024-01-01 10:20:00,0.17380840774255094
2024-01-01 10:21:00,0.18373972933468413
2024-01-01 10:22:00,0.24818884111655282
2024-01-01 10:23:00,0.29380919407640854
2024-01-01 10:24:00,0.3473019086121184
2024-01-01 10:25:00,0.24756545582790898
2024-01-01 10:26:00,0.2850138864532592
2024-01-01 10:27:00,0.3989883752535026
2024-01-01 10:28:00,0.11467328115623916
2024-01-01 10:29:00,0.2009747777376083
2024-01-01 10:30:00,0.385339834353821
2024-01-01 10:31:00,0.45808273507487973
2024-01-01 10:32:00,0.30467097684626643
2024-01-01 10:33:00,0.3128453941061263
2024-01-01 10:34:00,0.14286880453591044
2024-01-01 10:35:00,0.2789649467293819
2024-01-01 10:36:00,0.3130469065820093
2024-01-01 10:37:00,0.19698820145389187
2024-01-01 10:38:00,0.2076972923797524
2024-01-01 10:39:00,0.2509136652418491
2024-01-01 10:40:00,0.10802847911109055
2024-01-01 10:41:00,0.22883166623327134
2024-01-01 10:42:00,0.18457920279861786
2024-01-01 10:43:00,0.23099894087116588
2024-01-01 10:44:00,0.1479048527277005
2024-01-01 10:45:00,0.456210912295958
2024-01-01 10:46:00,0.3374369814216195
2024-01-01 10:47:00,0.3716409276577959
2024-01-01 10:48:00,0.4156684954429354
2024-01-01 10:49:00,0.29937687957162296
2024-01-01 10:50:00,0.13476811523496948
2024-01-01 10:51:00,0.3148426167274191
2024-01-01 10:52:00,0.33473644720835166
2024-01-01 10:53:00,0.398175789673732
2024-01-01 10:54:00,0.27266381849187177
2024-01-01 10:55:00,0.1510321211182255
2024-01-01 10:56:00,0.2135103623194898
2024-01-01 10:57:00,0.24523291855945406
2024-01-01 10:58:00,0.35836689653264053
2024-01-01 10:59:00,0.32831132186756473
2024-01-01 11:00:00,0.2424386903591385
2024-01-01 11:01:00,0.4946060995171919
2024-01-01 11:02:00,0.34230992774275487
2024-01-01 11:03:00,0.1948907166943978
2024-01-01 11:04:00,0.1407129890481615
2024-01-01 11:05:00,0.16114365567373282
2024-01-01 11:06:00,0.19838309135380328
2024-01-01 11:07:00,0.1642725493038223
2024-01-01 11:08:00,0.1746268096205223
2024-01-01 11:09:00,0.21403806747753884
2024-01-01 11:10:00,0.804451655694892
2024-01-01 11:11:00,0.4587061698505701
2024-01-01 11:12:00,0.13209349826465688
2024-01-01 11:13:00,0.30980455582810185
2024-01-01 11:14:00,0.2641587307958646
2024-01-01 11:15:00,0.4929514467634426
2024-01-01 11:16:00,0.14481556086722094
2024-01-01 11:17:00,0.25914223961829663
2024-01-01 11:18:00,0.48778817331014757
2024-01-01 11:19:00,0.8002497072281671
2024-01-01 11:20:00,0.42682882837971203
2024-01-01 11:21:00,0.20316113081797593
2024-01-01 11:22:00,0.16835503495602633
2024-01-01 11:23:00,0.3674572879697724
2024-01-01 11:24:00,0.4717503956510344
2024-01-01 11:25:00,0.3227051572055719
2024-01-01 11:26:00,0.32864507578796
2024-01-01 11:27:00,0.21199163746411367
2024-01-01 11:28:00,0.4077971732767748
2024-01-01 11:29:00,0.17481749942300934
2024-01-01 11:30:00,0.22947169456169747
2024-01-01 11:31:00,0.7431256336454195
2024-01-01 11:32:00,0.30304415147378205
2024-01-01 11:33:00,0.19696389296603212
2024-01-01 11:34:00,0.14593472989568143
2024-01-01 11:35:00,0.3442480169766531
2024-01-01 11:36:00,0.2154522212961023
2024-01-01 11:37:00,0.3324952885690449
2024-01-01 11:38:00,0.16174508610968094
2024-01-01 11:39:00,0.292456040741927
2024-01-01 11:40:00,0.31303577302063434
2024-01-01 11:41:00,0.12072941472897077
2024-01-01 11:42:00,0.23464171127756825
2024-01-01 11:43:00,0.1537658707755897
2024-01-01 11:44:00,0.12534998818910711
2024-01-01 11:45:00,0.4959840929559781
2024-01-01 11:46:00,0.2289415379898892
2024-01-01 11:47:00,0.423949778341854
2024-01-01 11:48:00,0.20185626190550554
2024-01-01 11:49:00,0.3726010888895718
2024-01-01 11:50:00,0.40409114395587464
2024-01-01 11:51:00,0.6287103224906052
2024-01-01 11:52:00,0.28863047542006337
2024-01-01 11:53:00,0.26473636565890746
2024-01-01 11:54:00,0.23954730661719814
2024-01-01 11:55:00,0.47181165769913036
2024-01-01 11:56:00,0.4322477631150917
2024-01-01 11:57:00,0.48601076426660506
2024-01-01 11:58:00,0.1497188893942179
2024-01-01 11:59:00,0.3923469900814577
2024-01-01 12:00:00,0.47533618272841516
2024-01-01 12:01:00,0.17249322646626408
2024-01-01 12:02:00,0.12659850694671101
2024-01-01 12:03:00,0.3964482597160236
2024-01-01 12:04:00,0.32978924527196474
2024-01-01 12:05:00,0.43673151070330885
2024-01-01 12:06:00,0.1559089506505158
2024-01-01 12:07:00,0.41810692474395605
2024-01-01 12:08:00,0.18065092801909782
2024-01-01 12:09:00,0.1654623771462818
2024-01-01 12:10:00,0.1657063191723972
2024-01-01 12:11:00,0.42582988809255284
2024-01-01 12:12:00,0.3660788882784801
2024-01-01 12:13:00,0.30922616990764773
2024-01-01 12:14:00,0.243532193649401
2024-01-01 12:15:00,0.45088021632524333
2024-01-01 12:16:00,0.25697804296905413
2024-01-01 12:17:00,0.4266397757886309
2024-01-01 12:18:00,0.27565396342808735
2024-01-01 12:19:00,0.2507777717699631
2024-01-01 12:20:00,0.2850719142678426
2024-01-01 12:21:00,0.22055114966565684
2024-01-01 12:22:00,0.39904375207050047
2024-01-01 12:23:00,0.3010881560369917
2024-01-01 12:24:00,0.19288507805872693
2024-01-01 12:25:00,0.6535313451998772
2024-01-01 12:26:00,0.2535564885492846
2024-01-01 12:27:00,0.31742114444559544
2024-01-01 12:28:00,0.4625888443858188
2024-01-01 12:29:00,0.3496951983655968
2024-01-01 12:30:00,0.14675921628334565
2024-01-01 12:31:00,0.7285982804991528
2024-01-01 12:32:00,0.35108322122856717
2024-01-01 12:33:00,0.23396224586283446
2024-01-01 12:34:00,0.1557088290653549
2024-01-01 12:35:00,0.41761007570811837
2024-01-01 12:36:00,0.3480291023714054
2024-01-01 12:37:00,0.31338443679052863
2024-01-01 12:38:00,0.4575570332203831
2024-01-01 12:39:00,0.41543888448981237
2024-01-01 12:40:00,0.1606699518931005
2024-01-01 12:41:00,0.2246888271182193
2024-01-01 12:42:00,0.1993956559257863
2024-01-01 12:43:00,0.39757851702907077
2024-01-01 12:44:00,0.11341297389431176
2024-01-01 12:45:00,0.32795587394852665
2024-01-01 12:46:00,0.40498347429627624
2024-01-01 12:47:00,0.4507062547046998
2024-01-01 12:48:00,0.9232940840036888
2024-01-01 12:49:00,0.4285029218688051
2024-01-01 12:50:00,0.1442526947820829
2024-01-01 12:51:00,0.4385809166938073
2024-01-01 12:52:00,0.15099546493279298
2024-01-01 12:53:00,0.2589149162241469
2024-01-01 12:54:00,0.41891814631182145
2024-01-01 12:55:00,0.1599669709395095
2024-01-01 12:56:00,0.1917005580930566
2024-01-01 12:57:00,0.38890102735722654
2024-01-01 12:58:00,0.3880146146184298
2024-01-01 12:59:00,0.35645905315411897
2024-01-01 13:00:00,0.37757937778684003
2024-01-01 13:01:00,0.3170897773390385
2024-01-01 13:02:00,0.2007196235627811
2024-01-01 13:03:00,0.23827839740156778
2024-01-01 13:04:00,0.17263908672057027
2024-01-01 13:05:00,0.4633802245334514
2024-01-01 13:06:00,0.33335671790644816
2024-01-01 13:07:00,0.26034056670545597
2024-01-01 13:08:00,0.28480232145765305
2024-01-01 13:09:00,0.4789133358447262
2024-01-01 13:10:00,0.1613405612464321
2024-01-01 13:11:00,0.3344919328067189
2024-01-01 13:12:00,0.3023554715537864
2024-01-01 13:13:00,0.34458169417385914
2024-01-01 13:14:00,0.1072440735283362
2024-01-01 13:15:00,0.4488495635776606
2024-01-01 13:16:00,0.47284731299344496
2024-01-01 13:17:00,0.3260532734356836
2024-01-01 13:18:00,0.3786603295507569
2024-01-01 13:19:00,0.4689997524709183
2024-01-01 13:20:00,0.3828954537253595
2024-01-01 13:21:00,0.16101561716570456
2024-01-01 13:22:00,0.3305153440667253
2024-01-01 13:23:00,0.3426860185531424
2024-01-01 13:24:00,0.2696522685209544
2024-01-01 13:25:00,0.3945776942498892
2024-01-01 13:26:00,0.473746805907606
2024-01-01 13:27:00,0.47022740516271055
2024-01-01 13:28:00,0.2803357485616529
2024-01-01 13:29:00,0.1452952183363021
2024-01-01 13:30:00,0.4939364795849338
2024-01-01 13:31:00,0.43555923457837364
2024-01-01 13:32:00,0.14986507248130676
2024-01-01 13:33:00,0.468336753046949
2024-01-01 13:34:00,0.8855810530026359
2024-01-01 13:35:00,0.3075352228504289
2024-01-01 13:36:00,0.3365101742979717
2024-01-01 13:37:00,0.849913545115761
2024-01-01 13:38:00,0.12190465552881254
2024-01-01 13:39:00,0.23407889665836037
2024-01-01 13:40:00,0.4211413794392046
2024-01-01 13:41:00,0.10185280920184114
2024-01-01 13:42:00,0.23339966867645767
2024-01-01 13:43:00,0.25926747743637735
2024-01-01 13:44:00,0.31495824117516913
2024-01-01 13:45:00,0.4679422465651042
2024-01-01 13:46:00,0.23853839774638452
2024-01-01 13:47:00,0.2387812807584911
2024-01-01 13:48:00,0.6187407634110412
2024-01-01 13:49:00,0.28088717635592286
2024-01-01 13:50:00,0.1898419291759928
2024-01-01 13:51:00,0.2809758064530774
2024-01-01 13:52:00,0.15634280815191995
2024-01-01 13:53:00,0.17055479460248935
2024-01-01 13:54:00,0.2993471090957919
2024-01-01 13:55:00,0.2675701798018192
2024-01-01 13:56:00,0.46593836042724
2024-01-01 13:57:00,0.24495755964665325
2024-01-01 13:58:00,0.33223534011121736
2024-01-01 13:59:00,0.3529057151678122
2024-01-01 14:00:00,0.10523778263533345
2024-01-01 14:01:00,0.36541494880668424
2024-01-01 14:02:00,0.17121438674790057
2024-01-01 14:03:00,0.48442812698778204
2024-01-01 14:04:00,0.15946509110124518
2024-01-01 14:05:00,0.26584964949080947
2024-01-01 14:06:00,0.13413986723145754
2024-01-01 14:07:00,0.498749700738379
2024-01-01 14:08:00,0.30087800413249705
2024-01-01 14:09:00,0.33815400692801756
2024-01-01 14:10:00,0.126830590955371
2024-01-01 14:11:00,0.3999841881596712
2024-01-01 14:12:00,0.18396223723823432
2024-01-01 14:13:00,0.45922171577628557
2024-01-01 14:14:00,0.18205585619280287
2024-01-01 14:15:00,0.17627508826546665
2024-01-01 14:16:00,0.11461986713923795
2024-01-01 14:17:00,0.2888267780439997
2024-01-01 14:18:00,0.3259364533050466
2024-01-01 14:19:00,0.12628345577134095
2024-01-01 14:20:00,0.41021104667800423
2024-01-01 14:21:00,0.6929537292224192
2024-01-01 14:22:00,0.309756107731032
2024-01-01 14:23:00,0.9313877197796468
2024-01-01 14:24:00,0.26030522435013037
2024-01-01 14:25:00,0.32385613252328715
2024-01-01 14:26:00,0.162096098372285
2024-01-01 14:27:00,0.17277125219810846
2024-01-01 14:28:00,0.44471424840540696
2024-01-01 14:29:00,0.47844618485345314
2024-01-01 14:30:00,0.24932372651190118
2024-01-01 14:31:00,0.20829786925742153
2024-01-01 14:32:00,0.3575998172956063
2024-01-01 14:33:00,0.6354418855878716
2024-01-01 14:34:00,0.11015454226413796
2024-01-01 14:35:00,0.16246103894647615
2024-01-01 14:36:00,0.38638889153895906
2024-01-01 14:37:00,0.6291607341471613
2024-01-01 14:38:00,0.1108383970013934
2024-01-01 14:39:00,0.1887888647731798
2024-01-01 14:40:00,0.19242991863522857
2024-01-01 14:41:00,0.36875709743949137
2024-01-01 14:42:00,0.10788421510174567
2024-01-01 14:43:00,0.14164343279382954
2024-01-01 14:44:00,0.4199664341492758
2024-01-01 14:45:00,0.17141786482173343
2024-01-01 14:46:00,0.3610984431407499
2024-01-01 14:47:00,0.1952731124186906
2024-01-01 14:48:00,0.13977655710373807
2024-01-01 14:49:00,0.19726887639978163
2024-01-01 14:50:00,0.3889067727422637
2024-01-01 14:51:00,0.44227858724251434
2024-01-01 14:52:00,0.43208794582679666
2024-01-01 14:53:00,0.25887341184738194
2024-01-01 14:54:00,0.36723405462825853
2024-01-01 14:55:00,0.1819937181663284
2024-01-01 14:56:00,0.2172590921044053
2024-01-01 14:57:00,0.4585343274084479
2024-01-01 14:58:00,0.10520076940429442
2024-01-01 14:59:00,0.13420341234178723
2024-01-01 15:00:00,0.18315450205841094
2024-01-01 15:01:00,0.11061288154952789
2024-01-01 15:02:00,0.17257417403591893
2024-01-01 15:03:00,0.3332166243878769
2024-01-01 15:04:00,0.7620410778110266
2024-01-01 15:05:00,0.45706868443078996
2024-01-01 15:06:00,0.921774883071802
2024-01-01 15:07:00,0.2367269406791504
2024-01-01 15:08:00,0.203769373372517
2024-01-01 15:09:00,0.2518769632669068
2024-01-01 15:10:00,0.3361179770059231
2024-01-01 15:11:00,0.20722545632915051
2024-01-01 15:12:00,0.34965956313965363
2024-01-01 15:13:00,0.2637646608764962
2024-01-01 15:14:00,0.3208188723407921
2024-01-01 15:15:00,0.27445061165412665
2024-01-01 15:16:00,0.21778630381676709
2024-01-01 15:17:00,0.4793813227848627
2024-01-01 15:18:00,0.4054423176639044
2024-01-01 15:19:00,0.6076464377719056
2024-01-01 15:20:00,0.4473871903591652
2024-01-01 15:21:00,0.29497247929980547
2024-01-01 15:22:00,0.45782089075763654
2024-01-01 15:23:00,0.41994210237892615
2024-01-01 15:24:00,0.27008540178769336
2024-01-01 15:25:00,0.10898772332804696
2024-01-01 15:26:00,0.20747094375397845
2024-01-01 15:27:00,0.7197582353486724
2024-01-01 15:28:00,0.35339128793045893
2024-01-01 15:29:00,0.20315507417328094
2024-01-01 15:30:00,0.15574242962912965
2024-01-01 15:31:00,0.43397209471971965
2024-01-01 15:32:00,0.49376087228142085
2024-01-01 15:33:00,0.31027607292107434
2024-01-01 15:34:00,0.1686717143393214
2024-01-01 15:35:00,0.8080679569243004
2024-01-01 15:36:00,0.1073562706189867
2024-01-01 15:37:00,0.4657195226241996
2024-01-01 15:38:00,0.14710043315605648
2024-01-01 15:39:00,0.33060659020570143
2024-01-01 15:40:00,0.2096220882748824
2024-01-01 15:41:00,0.3216712010063174
2024-01-01 15:42:00,0.3605681553407457
2024-01-01 15:43:00,0.4318967214828807
2024-01-01 15:44:00,0.1825685087042413
2024-01-01 15:45:00,0.8454416456949834
2024-01-01 15:46:00,0.1547542520275229
2024-01-01 15:47:00,0.46000745673924204
2024-01-01 15:48:00,0.4495560310250061
2024-01-01 15:49:00,0.3389652408681233
2024-01-01 15:50:00,0.34020674417346136
2024-01-01 15:51:00,0.36601466981850217
2024-01-01 15:52:00,0.17014851144937984
2024-01-01 15:53:00,0.465764778369984
2024-01-01 15:54:00,0.2675082099568292
2024-01-01 15:55:00,0.253255411299799
2024-01-01 15:56:00,0.307567082113135
2024-01-01 15:57:00,0.11878638671002202
2024-01-01 15:58:00,0.16651334750243177
2024-01-01 15:59:00,0.39521344657054824
2024-01-01 16:00:00,0.1331194671700506
2024-01-01 16:01:00,0.3412608437865553
2024-01-01 16:02:00,0.1981396438725284
2024-01-01 16:03:00,0.25571824561679063
2024-01-01 16:04:00,0.21547749470827995
2024-01-01 16:05:00,0.24226908658597968
2024-01-01 16:06:00,0.38761836207369826
2024-01-01 16:07:00,0.21884868624927
2024-01-01 16:08:00,0.3265618561187589
2024-01-01 16:09:00,0.29042016087963984
2024-01-01 16:10:00,0.36546846614505923
2024-01-01 16:11:00,0.6200904045855895
2024-01-01 16:12:00,0.3930288388841001
2024-01-01 16:13:00,0.18597615143630272
2024-01-01 16:14:00,0.11247325402451387
2024-01-01 16:15:00,0.20490561771993004
2024-01-01 16:16:00,0.33803117228010193
2024-01-01 16:17:00,0.12057032539370015
2024-01-01 16:18:00,0.29854649888049456
2024-01-01 16:19:00,0.33873713956675566
2024-01-01 16:20:00,0.23369755632678435
2024-01-01 16:21:00,0.40836488149832884
2024-01-01 16:22:00,0.14263930125350874
2024-01-01 16:23:00,0.13005511269432352
2024-01-01 16:24:00,0.3912755024814414
2024-01-01 16:25:00,0.2981965264824794
2024-01-01 16:26:00,0.3753609585710944
2024-01-01 16:27:00,0.2739309354414985
2024-01-01 16:28:00,0.19856081329564274
2024-01-01 16:29:00,0.42764092706967993
2024-01-01 16:30:00,0.6443992395165259
2024-01-01 16:31:00,0.3778785883417707
2024-01-01 16:32:00,0.20885805489198508
2024-01-01 16:33:00,0.3360922667476348
2024-01-01 16:34:00,0.24438955877601073
2024-01-01 16:35:00,0.13663282933065368
2024-01-01 16:36:00,0.4669254301848972
2024-01-01 16:37:00,0.15472745236758456
2024-01-01 16:38:00,0.480094941528321
2024-01-01 16:39:00,0.2784023091831823
2024-01-01 16:40:00,0.17405317153544786
2024-01-01 16:41:00,0.31676037895134324
2024-01-01 16:42:00,0.4491783343505633
2024-01-01 16:43:00,0.3928899545638245
2024-01-01 16:44:00,0.4226244591445799
2024-01-01 16:45:00,0.3635133466842869
2024-01-01 16:46:00,0.37691062580714096
2024-01-01 16:47:00,0.4396782606261277
2024-01-01 16:48:00,0.19986720354367438
2024-01-01 16:49:00,0.2957699854572562
2024-01-01 16:50:00,0.1884837767278409
2024-01-01 16:51:00,0.4950672031986588
2024-01-01 16:52:00,0.47762373587464535
2024-01-01 16:53:00,0.11577072454740236
2024-01-01 16:54:00,0.38223006900627543
2024-01-01 16:55:00,0.47009932696626633
2024-01-01 16:56:00,0.1722301380509334
2024-01-01 16:57:00,0.32717809222105176
2024-01-01 16:58:00,0.4661953190352167
2024-01-01 16:59:00,0.11357839143431954
2024-01-01 17:00:00,0.37896810689873595
2024-01-01 17:01:00,0.21893960294902032
2024-01-01 17:02:00,0.4697584781506122
2024-01-01 17:03:00,0.48842329806614715
2024-01-01 17:04:00,0.47770659564537354
2024-01-01 17:05:00,0.28968568666298555
2024-01-01 17:06:00,0.44481706039572544
2024-01-01 17:07:00,0.4378197594140282
2024-01-01 17:08:00,0.22764018929730226
2024-01-01 17:09:00,0.43156618966027094
2024-01-01 17:10:00,0.11480305388619705
2024-01-01 17:11:00,0.3385079513928212
2024-01-01 17:12:00,0.19200353491508124
2024-01-01 17:13:00,0.14822675431091153
2024-01-01 17:14:00,0.13078128065168368
2024-01-01 17:15:00,0.37851551035125597
2024-01-01 17:16:00,0.23594998550722646
2024-01-01 17:17:00,0.38990670861150456
2024-01-01 17:18:00,0.12614253631957695
2024-01-01 17:19:00,0.22611613513224416
2024-01-01 17:20:00,0.3157965169501349
2024-01-01 17:21:00,0.41628926593558546
2024-01-01 17:22:00,0.22750100117282798
2024-01-01 17:23:00,0.35035655057480364
2024-01-01 17:24:00,0.45439109929447485
2024-01-01 17:25:00,0.3463452752729218
2024-01-01 17:26:00,0.9554636321061595
2024-01-01 17:27:00,0.10976031262261521
2024-01-01 17:28:00,0.44803954956037195
2024-01-01 17:29:00,0.10850776434015486
2024-01-01 17:30:00,0.44988066907367974
2024-01-01 17:31:00,0.31157485361088477
2024-01-01 17:32:00,0.47562707940515847
2024-01-01 17:33:00,0.41951329430946616
2024-01-01 17:34:00,0.499173644213335
2024-01-01 17:35:00,0.24028472618068408
2024-01-01 17:36:00,0.4068753155724508
2024-01-01 17:37:00,0.26077236544369686
2024-01-01 17:38:00,0.29195024812156356
2024-01-01 17:39:00,0.35100218528734806
2024-01-01 17:40:00,0.44947084567453555
2024-01-01 17:41:00,0.4936333876797181
2024-01-01 17:42:00,0.4073093655458073
2024-01-01 17:43:00,0.26710671286693355
2024-01-01 17:44:00,0.26854280091082805
2024-01-01 17:45:00,0.3950329206355566
2024-01-01 17:46:00,0.19551085830732096
2024-01-01 17:47:00,0.14418964525255787
2024-01-01 17:48:00,0.24184886305631062
2024-01-01 17:49:00,0.21489559666163272
2024-01-01 17:50:00,0.7907373873271268
2024-01-01 17:51:00,0.193443100419964
2024-01-01 17:52:00,0.11683727585454476
2024-01-01 17:53:00,0.10714957389336553
2024-01-01 17:54:00,0.4950889558944126
2024-01-01 17:55:00,0.27110925349434495
2024-01-01 17:56:00,0.2537306588638727
2024-01-01 17:57:00,0.37185891307722796
2024-01-01 17:58:00,0.18730155514602567
2024-01-01 17:59:00,0.4799844735800901
2024-01-01 18:00:00,0.4145380057662208
2024-01-01 18:01:00,0.13576440092490383
2024-01-01 18:02:00,0.26703231031397134
2024-01-01 18:03:00,0.4516473230248659
2024-01-01 18:04:00,0.47789280891656416
2024-01-01 18:05:00,0.28696060449994787
2024-01-01 18:06:00,0.3453645556842831
2024-01-01 18:07:00,0.1668135784368301
2024-01-01 18:08:00,0.4964674504547907
2024-01-01 18:09:00,0.19266868055337738
2024-01-01 18:10:00,0.47709270965405026
2024-01-01 18:11:00,0.3598586595969474
2024-01-01 18:12:00,0.34309471795154367
2024-01-01 18:13:00,0.3050754044066034
2024-01-01 18:14:00,0.1922679246871035
2024-01-01 18:15:00,0.17061121280220332
2024-01-01 18:16:00,0.18819448362807015
2024-01-01 18:17:00,0.1745753048577018
2024-01-01 18:18:00,0.41183378942670135
2024-01-01 18:19:00,0.24005010366669205
2024-01-01 18:20:00,0.12313707062535856
2024-01-01 18:21:00,0.4876410520563246
2024-01-01 18:22:00,0.4535143539853703
2024-01-01 18:23:00,0.47110091327808523
2024-01-01 18:24:00,0.4979631290585741
2024-01-01 18:25:00,0.16955809968779492
2024-01-01 18:26:00,0.2584968075610635
2024-01-01 18:27:00,0.4032953902816365
2024-01-01 18:28:00,0.3784082472215169
2024-01-01 18:29:00,0.16155836253594202
2024-01-01 18:30:00,0.4263332499962471
2024-01-01 18:31:00,0.18977622873466427
2024-01-01 18:32:00,0.18952704592904923
2024-01-01 18:33:00,0.31478976915736545
2024-01-01 18:34:00,0.7630172124129724
2024-01-01 18:35:00,0.9290139177536787
2024-01-01 18:36:00,0.13659473495910196
2024-01-01 18:37:00,0.4509843450521521
2024-01-01 18:38:00,0.20624001703548245
2024-01-01 18:39:00,0.15180596851312167
2024-01-01 18:40:00,0.4554992319475909
2024-01-01 18:41:00,0.48226059929190135
2024-01-01 18:42:00,0.44485104690618027
2024-01-01 18:43:00,0.4238064298899512
2024-01-01 18:44:00,0.36209679225560876
2024-01-01 18:45:00,0.3203429482436557
2024-01-01 18:46:00,0.13479470396456406
2024-01-01 18:47:00,0.2633812852282795
2024-01-01 18:48:00,0.2490754068049256
2024-01-01 18:49:00,0.9790752103857883
2024-01-01 18:50:00,0.389368045475434
2024-01-01 18:51:00,0.29835029403150837
2024-01-01 18:52:00,0.7905747945375167
2024-01-01 18:53:00,0.18807328077992455
2024-01-01 18:54:00,0.3733035054638384
2024-01-01 18:55:00,0.13045234379612008
2024-01-01 18:56:00,0.6217328139291615
2024-01-01 18:57:00,0.2980586108055897
2024-01-01 18:58:00,0.9820460829166806
2024-01-01 18:59:00,0.33696311386380706
2024-01-01 19:00:00,0.42987238637005964
2024-01-01 19:01:00,0.23912368316087723
2024-01-01 19:02:00,0.3712064610236254
2024-01-01 19:03:00,0.3262927855983164
2024-01-01 19:04:00,0.20681130806776854
2024-01-01 19:05:00,0.4514519945420632
2024-01-01 19:06:00,0.41897040864277124
2024-01-01 19:07:00,0.3633807338633702
2024-01-01 19:08:00,0.44023269163769674
2024-01-01 19:09:00,0.446917680383921
2024-01-01 19:10:00,0.3833451906860139
2024-01-01 19:11:00,0.8994580936504799
2024-01-01 19:12:00,0.37898858466771346
2024-01-01 19:13:00,0.3720563087041202
2024-01-01 19:14:00,0.34744455128607377
2024-01-01 19:15:00,0.40108665582305647
2024-01-01 19:16:00,0.16344204211722949
2024-01-01 19:17:00,0.45234830367957135
2024-01-01 19:18:00,0.7137096371710067
2024-01-01 19:19:00,0.11169891321382366
2024-01-01 19:20:00,0.43032670022590513
2024-01-01 19:21:00,0.1515479469893781
2024-01-01 19:22:00,0.23404754170365677
2024-01-01 19:23:00,0.39740330251664313
2024-01-01 19:24:00,0.16430395841932327
2024-01-01 19:25:00,0.6289265901031754
2024-01-01 19:26:00,0.9101384601612542
2024-01-01 19:27:00,0.3029870935043345
2024-01-01 19:28:00,0.10255434868673344
2024-01-01 19:29:00,0.21481525326996512
2024-01-01 19:30:00,0.3467707673502969
2024-01-01 19:31:00,0.49247447121096943
2024-01-01 19:32:00,0.3527254108066674
2024-01-01 19:33:00,0.20392143242566393
2024-01-01 19:34:00,0.3536022812398446
2024-01-01 19:35:00,0.31599415188634217
2024-01-01 19:36:00,0.4119381580604574
2024-01-01 19:37:00,0.14279225553078337
2024-01-01 19:38:00,0.4044111610008112
2024-01-01 19:39:00,0.3165066314704441
2024-01-01 19:40:00,0.6000538772017942
2024-01-01 19:41:00,0.23674886641547443
2024-01-01 19:42:00,0.3530487572535793
2024-01-01 19:43:00,0.47281124220400705
2024-01-01 19:44:00,0.1410038911962717
2024-01-01 19:45:00,0.47489139489458043
2024-01-01 19:46:00,0.3751542889203253
2024-01-01 19:47:00,0.12713482364206877
2024-01-01 19:48:00,0.809030639734698
2024-01-01 19:49:00,0.38326883545811263
2024-01-01 19:50:00,0.1269402405875087
2024-01-01 19:51:00,0.33286818407050933
2024-01-01 19:52:00,0.2383532227811827
2024-01-01 19:53:00,0.34836620710699084
2024-01-01 19:54:00,0.11829681352500515
2024-01-01 19:55:00,0.4486147224609506
2024-01-01 19:56:00,0.4893955876709588
2024-01-01 19:57:00,0.48755114211427664
2024-01-01 19:58:00,0.39986073269716993
2024-01-01 19:59:00,0.1520344960522528
2024-01-01 20:00:00,0.403305278371609
2024-01-01 20:01:00,0.6035453140453876
2024-01-01 20:02:00,0.10884942061159891
2024-01-01 20:03:00,0.2294440876598165
2024-01-01 20:04:00,0.29545727616186634
2024-01-01 20:05:00,0.4081629671231173
2024-01-01 20:06:00,0.3733181506426021
2024-01-01 20:07:00,0.27836108255069936
2024-01-01 20:08:00,0.20945066651266636
2024-01-01 20:09:00,0.49884980006308444
2024-01-01 20:10:00,0.2704725208943892
2024-01-01 20:11:00,0.2805548097318702
2024-01-01 20:12:00,0.16544952847666766
2024-01-01 20:13:00,0.6904115991263999
2024-01-01 20:14:00,0.37747289031259545
2024-01-01 20:15:00,0.18830784511550416
2024-01-01 20:16:00,0.13295241824633708
2024-01-01 20:17:00,0.3721997208298853
2024-01-01 20:18:00,0.8518230787566946
2024-01-01 20:19:00,0.20930381079928373
2024-01-01 20:20:00,0.4803454249001642
2024-01-01 20:21:00,0.1604231567123601
2024-01-01 20:22:00,0.2729339204170408
2024-01-01 20:23:00,0.47744636806703955
2024-01-01 20:24:00,0.2678909267704489
2024-01-01 20:25:00,0.3554103790656342
2024-01-01 20:26:00,0.25903775918511773
2024-01-01 20:27:00,0.20968608093946803
2024-01-01 20:28:00,0.4935910591839313
2024-01-01 20:29:00,0.2637336025260172
2024-01-01 20:30:00,0.4576396814716538
2024-01-01 20:31:00,0.9213930973187539
2024-01-01 20:32:00,0.18524188161003333
2024-01-01 20:33:00,0.11245363315380455
2024-01-01 20:34:00,0.360666730150354
2024-01-01 20:35:00,0.24741053748950448
2024-01-01 20:36:00,0.4457432999358548
2024-01-01 20:37:00,0.2892839626766229
2024-01-01 20:38:00,0.48727737116588876
2024-01-01 20:39:00,0.17421020628124845
2024-01-01 20:40:00,0.4474492671822443
2024-01-01 20:41:00,0.41063874111669674
2024-01-01 20:42:00,0.40836873785762084
2024-01-01 20:43:00,0.43791329124675504
2024-01-01 20:44:00,0.40440959637719953
2024-01-01 20:45:00,0.3504881286525662
2024-01-01 20:46:00,0.15249795107295505
2024-01-01 20:47:00,0.11301047179650077
2024-01-01 20:48:00,0.4683391391262748
2024-01-01 20:49:00,0.3466601258082952
2024-01-01 20:50:00,0.41861491639047055
2024-01-01 20:51:00,0.2926089406050201
2024-01-01 20:52:00,0.1469232755849578
2024-01-01 20:53:00,0.1500743168810202
2024-01-01 20:54:00,0.3742261148915885
2024-01-01 20:55:00,0.2721223579597851
2024-01-01 20:56:00,0.1802098906801347
2024-01-01 20:57:00,0.2966378186965748
2024-01-01 20:58:00,0.12568357483005366
2024-01-01 20:59:00,0.3327885607657595
2024-01-01 21:00:00,0.2075973617740391
2024-01-01 21:01:00,0.41902364025487526
2024-01-01 21:02:00,0.22414478356942952
2024-01-01 21:03:00,0.2820880596327205
2024-01-01 21:04:00,0.10464821596324025
2024-01-01 21:05:00,0.12897875511782356
2024-01-01 21:06:00,0.25699742256267394
2024-01-01 21:07:00,0.2919755338868494
2024-01-01 21:08:00,0.3400082192477215
2024-01-01 21:09:00,0.2166650314837213
2024-01-01 21:10:00,0.3779927544506171
2024-01-01 21:11:00,0.44404895887568185
2024-01-01 21:12:00,0.41194039555733997
2024-01-01 21:13:00,0.11584753013934286
2024-01-01 21:14:00,0.2922027789031316
2024-01-01 21:15:00,0.14197207136726997
2024-01-01 21:16:00,0.196818006345011
2024-01-01 21:17:00,0.4946650373068586
2024-01-01 21:18:00,0.1569982171606053
2024-01-01 21:19:00,0.29955526138054245
2024-01-01 21:20:00,0.34726229372724765
2024-01-01 21:21:00,0.3809859882176416
2024-01-01 21:22:00,0.3238594733947656
2024-01-01 21:23:00,0.10390833896767347
2024-01-01 21:24:00,0.23058452329759677
2024-01-01 21:25:00,0.30708465735388457
2024-01-01 21:26:00,0.13514659965793335
2024-01-01 21:27:00,0.24025077248367233
2024-01-01 21:28:00,0.8506370044372841
2024-01-01 21:29:00,0.1314313988620083
2024-01-01 21:30:00,0.25876931048063845
2024-01-01 21:31:00,0.15308630161722414
2024-01-01 21:32:00,0.32701633930462326
2024-01-01 21:33:00,0.37578598765490634
2024-01-01 21:34:00,0.42023467964363315
2024-01-01 21:35:00,0.18006009769792405
2024-01-01 21:36:00,0.1669930329036279
2024-01-01 21:37:00,0.1418271361337601
2024-01-01 21:38:00,0.35457209981745474
2024-01-01 21:39:00,0.38259029059476046
2024-01-01 21:40:00,0.11263445793025682
2024-01-01 21:41:00,0.474484898497476
2024-01-01 21:42:00,0.12078851346058897
2024-01-01 21:43:00,0.3165185341204282
2024-01-01 21:44:00,0.38362420778036654
2024-01-01 21:45:00,0.44838764949843424
2024-01-01 21:46:00,0.3856347728529711
2024-01-01 21:47:00,0.4206912332279168
2024-01-01 21:48:00,0.23578007701712245
2024-01-01 21:49:00,0.4259300454986049
2024-01-01 21:50:00,0.13204593855387006
2024-01-01 21:51:00,0.4579266624242111
2024-01-01 21:52:00,0.7178477585384773
2024-01-01 21:53:00,0.42691910798499755
2024-01-01 21:54:00,0.28092731380732006
2024-01-01 21:55:00,0.35743107807860997
2024-01-01 21:56:00,0.3105610643744453
2024-01-01 21:57:00,0.39263580870213277
2024-01-01 21:58:00,0.13265199281223583
2024-01-01 21:59:00,0.12414083359622552
2024-01-01 22:00:00,0.8343459153814077
2024-01-01 22:01:00,0.16381787204527534
2024-01-01 22:02:00,0.6571503845357647
2024-01-01 22:03:00,0.18768559494321774
2024-01-01 22:04:00,0.4903461023276525
2024-01-01 22:05:00,0.23475831670844274
2024-01-01 22:06:00,0.17284716627547972
2024-01-01 22:07:00,0.41587940285699165
2024-01-01 22:08:00,0.3634831102003505
2024-01-01 22:09:00,0.2992782865812556
2024-01-01 22:10:00,0.3221454203750525
2024-01-01 22:11:00,0.3876807113089056
2024-01-01 22:12:00,0.1913818965325195
2024-01-01 22:13:00,0.49853356642269675
2024-01-01 22:14:00,0.48991726485871323
2024-01-01 22:15:00,0.3601302745387748
2024-01-01 22:16:00,0.17981698037165805
2024-01-01 22:17:00,0.3720912969725165
2024-01-01 22:18:00,0.12887936359167035
2024-01-01 22:19:00,0.11226100088232244
2024-01-01 22:20:00,0.20307315540448548
2024-01-01 22:21:00,0.28504918269572654
2024-01-01 22:22:00,0.44730900216335223
2024-01-01 22:23:00,0.3908676279065232
2024-01-01 22:24:00,0.39708260847999244
2024-01-01 22:25:00,0.27019733377923016
2024-01-01 22:26:00,0.23837399701878517
2024-01-01 22:27:00,0.2484155051938411
2024-01-01 22:28:00,0.4950598254944232
2024-01-01 22:29:00,0.116043676564993
2024-01-01 22:30:00,0.44681259844897947
2024-01-01 22:31:00,0.3314701634289574
2024-01-01 22:32:00,0.2754461676758362
2024-01-01 22:33:00,0.39010306416605467
2024-01-01 22:34:00,0.2946675765698812
2024-01-01 22:35:00,0.4493692952326642
2024-01-01 22:36:00,0.4602807456045034
2024-01-01 22:37:00,0.2686883707493822
2024-01-01 22:38:00,0.21073111889402063
2024-01-01 22:39:00,0.3369401314373449
2024-01-01 22:40:00,0.4649453382466764
2024-01-01 22:41:00,0.18426487560226665
2024-01-01 22:42:00,0.34918663342539313
2024-01-01 22:43:00,0.7611493130530549
2024-01-01 22:44:00,0.39324520896611237
2024-01-01 22:45:00,0.15262707405090392
2024-01-01 22:46:00,0.3863299858728354
2024-01-01 22:47:00,0.4636130082662564
2024-01-01 22:48:00,0.1718732435480968
2024-01-01 22:49:00,0.19501732996955107
2024-01-01 22:50:00,0.6250758486487463
2024-01-01 22:51:00,0.1723907810837959
2024-01-01 22:52:00,0.4417540373478317
2024-01-01 22:53:00,0.2969111425792139
2024-01-01 22:54:00,0.19889242976127083
2024-01-01 22:55:00,0.44829996050900456
2024-01-01 22:56:00,0.27812210200106624
2024-01-01 22:57:00,0.30592694157187605
2024-01-01 22:58:00,0.24369334775990628
2024-01-01 22:59:00,0.33718034057397095
2024-01-01 23:00:00,0.16540954903400912
2024-01-01 23:01:00,0.2564326146607043
2024-01-01 23:02:00,0.48776492893411505
2024-01-01 23:03:00,0.20325337308045102
2024-01-01 23:04:00,0.3626946658165169
2024-01-01 23:05:00,0.23007602568987795
2024-01-01 23:06:00,0.40938925027464024
2024-01-01 23:07:00,0.15234946428733995
2024-01-01 23:08:00,0.48792841803141795
2024-01-01 23:09:00,0.2815158165534557
2024-01-01 23:10:00,0.1944201853385856
2024-01-01 23:11:00,0.12939869893200506
2024-01-01 23:12:00,0.16790316203501632
2024-01-01 23:13:00,0.30790957942240704
2024-01-01 23:14:00,0.23480127057251454
2024-01-01 23:15:00,0.43155334635304377
2024-01-01 23:16:00,0.27235500946472235
2024-01-01 23:17:00,0.19948570903505197
2024-01-01 23:18:00,0.34685799464161204
2024-01-01 23:19:00,0.3827108867541783
2024-01-01 23:20:00,0.16681676316037997
2024-01-01 23:21:00,0.1670476865153271
2024-01-01 23:22:00,0.11466857077341719
2024-01-01 23:23:00,0.3945608060262562
2024-01-01 23:24:00,0.36552181104872206
2024-01-01 23:25:00,0.28985235029992557
2024-01-01 23:26:00,0.6967726721262119
2024-01-01 23:27:00,0.42226806118002125
2024-01-01 23:28:00,0.33414174575870087
2024-01-01 23:29:00,0.44730851220530343
2024-01-01 23:30:00,0.1823364840147073
2024-01-01 23:31:00,0.14476784775909116
2024-01-01 23:32:00,0.20789984460679586
2024-01-01 23:33:00,0.12283474243572595
2024-01-01 23:34:00,0.3124678112004128
2024-01-01 23:35:00,0.47464227691798466
2024-01-01 23:36:00,0.11573741626740386
2024-01-01 23:37:00,0.14884396560401073
2024-01-01 23:38:00,0.28087961131337413
2024-01-01 23:39:00,0.473550007011162
2024-01-01 23:40:00,0.2264624419907002
2024-01-01 23:41:00,0.302893923475357
2024-01-01 23:42:00,0.11662914362015685
2024-01-01 23:43:00,0.15933728038483555
2024-01-01 23:44:00,0.4946520491835388
2024-01-01 23:45:00,0.4860474785744182
2024-01-01 23:46:00,0.10197599237376385
2024-01-01 23:47:00,0.48072471416929563
2024-01-01 23:48:00,0.35564797512620017
2024-01-01 23:49:00,0.4471673178080089
2024-01-01 23:50:00,0.28189594225354364
2024-01-01 23:51:00,0.3062384114317001
2024-01-01 23:52:00,0.2955386321027681
2024-01-01 23:53:00,0.3667457030184418
2024-01-01 23:54:00,0.631059733868642
2024-01-01 23:55:00,0.11198943594907118
2024-01-01 23:56:00,0.22317197663647637
2024-01-01 23:57:00,0.38187230509465875
2024-01-01 23:58:00,0.18074138084917934
2024-01-01 23:59:00,0.369372973329967
